date|numDC_SDP|numDC_AIR|numDC_CCN|numDC_OCC|numCDR_CONFB|numCDR_CONFNB|numCDR_CALLB|numCDR_CALLNB|numCDR_DATOSB|TPS_Voice|TPS_SMS|TPS_CCNGY_SSU|TPS_OCCGY_SSU|TPS_OCCGY_CR|TPS_CCNGY_CR|percentKPDR
2020-04-01|14161|4243|52532|7360|4040917|63984419|28433854|6811561|194660821|239041.4|29518.42|3575887.3466666667|683569.8266666667|686378.6566666666|3725132.5833333335|79.34
2020-04-02|10574|4140|52721|7341|3305776|63328979|28508879|6689355|195071691|238645.59333333332|31343.58|3572375.5633333335|674990.13|677777.2566666667|3718957.35|79.30
2020-04-03|10569|4237|53089|7380|3341620|66113477|28965949|6761676|195942549|241237.90333333332|31371.573333333334|3587191.8966666665|679681.5066666667|682648.07|3729649.46|80.18
2020-04-04|10606|4257|51546|7306|3191179|73612433|28296646|6473602|190947487|227801.90333333332|31313.696666666667|3512402.46|674399.7266666667|677520.7166666667|3646235.3133333335|79.47
2020-04-05|10597|3745|50134|7105|2616808|72131779|25402048|5863993|183873713|199701.53333333333|30047.836666666666|3437706.183333333|666307.1|669164.12|3577428.5633333335|76.46
2020-04-06|12177|4477|50000|7062|3327026|76450741|30569797|6927210|184840742|237030.92333333334|37293.54|3427868.1633333336|660622.0066666667|663632.8433333334|3569179.3833333333|78.48
2020-04-07|10852|4645|51524|7297|4008765|84154650|34156539|7292293|191536659|250539.61333333334|50710.433333333334|3498901.5633333335|665854.0466666666|669410.1366666667|3633377.703333333|82.74
2020-04-08|6138|4475|55315|7289|3578168|20624894|34960188|7332139|200813987|251921.09666666668|55243.93|3701816.6566666667|669876.3966666666|670953.57|3889829.55|75.78
2020-04-09|6094|3681|58206|7401|2655454|14018960|28476626|5939734|205210449|199055.18|45305.64666666667|3861529.9166666665|690223.8166666667|690962.2966666666|4059379.1166666667|75.15
2020-04-10|10556|3271|57420|7664|2184513|59249214|24697423|5468930|204189458|172964.05333333334|39641.33|3807117.0866666664|728110.32|730760.7366666667|3976372.0733333332|80.49
2020-04-11|10525|4064|58960|7770|3020046|64915555|29234803|6517700|210968244|207198.13333333333|42132.63|3882727.6133333333|737007.41|739817.7733333333|4050465.26|84.04
2020-04-12|10464|3611|59922|7817|2522843|59944008|26999906|5872878|212401147|191712.39|38031.503333333334|3911371.83|740649.41|743350.7366666667|4076262.946666667|83.37
2020-04-13|11945|4618|61233|8096|3588544|65727901|33294381|7570966|219269384|245200.23666666666|46512.25666666667|3964081.446666667|754154.2266666667|757268.2533333333|4120852.07|87.52
2020-04-14|10663|4330|65180|8470|3979585|68041508|32535895|7041937|229063096|237557.25333333333|45292.096666666665|4140087.3066666666|776961.0666666667|780391.56|4286337.546666667|91.25
2020-04-15|10513|4269|67689|7780|3281703|64063765|33076894|7081199|225413877|240768.99|43654.78666666667|4282237.8533333335|683534.7266666667|687807.3333333334|4414018.196666666|90.14
2020-04-16|10517|4244|67215|8246|3250778|64467719|32601265|6866063|217054591|239968.81666666668|42573.08666666667|4240410.15|740588.84|743409.37|4379714.876666667|92.05
2020-04-17|10550|4371|4300|8726|3354379|65312944|33846538|7136536|223229271|245912.88666666666|41616.43|4344541.9|785348.06|788577.0833333334|4477240.0|94.65
2020-04-18|10556|4049|71|9230|3274721|66518092|30841694|5181087|188533141|228009.85|37515.59333333333|4369266.33|833411.2433333333|837474.5866666667|4497486.21|90.47
2020-04-19|10622|3825|65935|7696|4803996|68272986|28140594|5916256|215147222|205315.92666666667|34069.73|4449313.53|661785.8766666667|663854.83|4565341.953333333|102.23
2020-04-20|12022|4688|70935|7500|3676425|69343196|34282774|7209634|234837866|248316.92666666667|38539.636666666665|4487762.663333333|627815.8266666667|631490.98|4610008.526666666|102.72
2020-04-21|10735|4236|70544|9042|3972570|72538740|33153140|6782089|247865802|238286.48666666666|37459.74333333333|4413501.083333333|793890.9833333333|797737.46|4548511.816666666|102.44
2020-04-22|10569|4260|71014|9504|3223370|68048863|32755323|6684006|257325931|238826.82|38099.48|4434313.04|832146.54|836844.8466666667|4567518.64|103.00
2020-04-23|10585|4218|71868|9538|3255283|68292215|32809828|6821828|260537237|239557.87333333332|37260.456666666665|4483312.716666667|841328.0833333334|845810.22|4624784.8966666665|100.32
2020-04-24|10682|4342|73590|9982|3601445|69930631|33539768|6903676|265873904|246008.78333333333|37280.17333333333|4582579.19|883611.6133333333|888475.7133333334|4718166.8966666665|102.94
2020-04-25|10593|4127|73962|9893|3149291|66563573|32288977|6524934|265244570|239539.09666666668|34077.92333333333|4597385.153333333|877827.4233333333|882801.1533333333|4729558.593333334|101.89
2020-04-26|10587|3812|72898|9667|2758125|66240627|28872669|6017846|258479852|215526.21666666667|32866.07666666667|4542838.18|869442.9033333333|874200.4766666667|4677094.726666667|99.37
2020-04-27|12123|4764|73171|9991|3911192|71043979|35485324|7114246|264030106|261239.16333333333|36618.32|4558904.36|881721.02|887456.2733333333|4689818.123333333|102.84
2020-04-28|10811|4451|74742|10103|4196898|74142783|35100347|6922523|270475651|258665.09333333332|39133.28|4625751.203333333|881547.96|886542.0766666667|4760161.943333333|105.36
2020-04-29|10637|4447|76058|10411|3446278|69590582|35476988|6931065|275431645|260066.19666666666|39279.81|4706639.6466666665|904089.74|909400.3366666667|4836405.253333333|106.38
2020-04-30|10617|4571|77755|10671|4385756|71257573|36576949|6925595|282395924|270646.7833333333|40416.14333333333|4796689.023333333|919526.6066666667|925173.1066666667|4921494.393333334|109.16
2020-05-01|14200|4020|78550|10576|4107188|66251944|32582576|6346702|281596910|239353.23|36391.60333333333|4828407.72|915259.18|920753.8166666667|4950585.39|107.45
2020-05-02|10644|4179|80241|9670|3198495|68566289|34146808|6470112|283031103|253045.54666666666|35801.136666666665|4939485.476666667|783857.5666666667|790757.01|5054630.713333333|108.55
2020-05-03|10610|3705|79028|8556|2638111|65265170|29252184|5822863|274687907|220730.19666666666|32972.0|4891534.44|721913.4433333334|726453.7333333333|5008318.05|104.04
2020-05-04|12210|4870|75710|10196|3805356|73292651|37039730|7321481|277451524|278366.87666666665|38781.08666666667|4698896.456666667|871901.3266666667|876250.8666666667|4806865.546666667|108.08
2020-05-05|10933|4453|77176|10474|4164619|77085131|36739079|7036885|281151884|277235.7766666667|37323.47666666667|4758366.783333333|885929.1766666666|890567.88|4867317.026666666|110.47
2020-05-06|10778|4380|80217|9405|3320693|74077609|36321013|7096971|286002620|276120.69333333336|35927.99|4938451.8966666665|770609.7966666666|775293.4533333334|5041569.876666667|111.07
2020-05-07|10789|4268|79693|10633|3246079|72759165|36108658|7006485|289427575|277215.0833333333|36923.30333333334|4891204.81|892080.9933333333|896333.9333333333|4998942.66|112.26
2020-05-08|10760|4360|79864|10845|3351657|72278279|37135205|7094042|290387388|285786.7366666667|36364.24|4893735.08|908798.9966666667|913415.2333333333|5008525.32|112.83
2020-05-09|10614|4291|79062|10795|3300842|69588641|36036220|6827743|286589259|278172.20666666667|33219.28333333333|4856009.573333333|906737.17|911610.5333333333|4982730.953333333|110.94
2020-05-10|10526|4083|82323|11161|3104929|67178136|37818695|6852469|297993856|308812.57|29831.736666666668|5006832.226666667|935274.4366666666|940502.5633333334|5132229.053333334|114.30
2020-05-11|12043|4686|76723|10337|3648276|71042931|36423701|7131764|279360238|284646.54333333333|34238.44|4744763.543333333|859739.7266666667|864716.8133333334|4874561.513333334|109.43
2020-05-12|10753|4278|76258|10442|4018552|73797255|35628913|7053001|278537386|275059.82|33891.08|4687847.316666666|872275.0066666667|876673.9133333333|4813823.653333333|109.66
2020-05-13|10566|4216|76225|10346|3196166|68493676|35343597|6821578|278427522|271741.98|32555.426666666666|4707865.52|857984.78|862553.6466666666|4832427.613333333|108.31
2020-05-14|10561|4211|75440|10490|3195785|68387050|35747089|6866407|275564372|276098.06|32556.056666666667|4642337.32|874282.55|878806.5133333333|4755586.12|107.96
2020-05-15|10652|4352|76844|10322|3487460|71554236|37061739|7257260|279479056|287936.5966666667|33731.09333333333|4738362.706666667|853195.73|858213.4366666666|4849108.056666667|108.17
2020-05-16|10566|4299|78675|10255|3347596|68410402|35830639|6907710|281762568|280267.94666666666|31141.58|4840847.046666667|850631.6333333333|855368.03|4946345.766666667|108.87
2020-05-17|10552|3738|75619|10120|2694473|65032520|29329127|5955379|269749359|234759.74666666667|28344.556666666667|4668801.29|857932.3433333334|862085.36|4780930.666666667|108.17
2020-05-18|12061|4909|74397|10168|3911866|71721887|37316781|7345884|279259555|292224.76|33512.81333333333|4603649.546666667|842424.0933333334|847791.3433333334|4715654.706666667|103.23
2020-05-19|10764|4262|76679|10239|4105437|73125654|36087910|7146292|278383684|282195.85333333333|34618.16333333333|4719733.393333334|841195.33|845726.9066666666|4830509.253333333|106.23
2020-05-20|10600|4478|76498|10203|3541723|70854793|37305600|7308535|278925190|292251.50333333336|36248.08666666667|4711329.6466666665|838482.2966666666|843213.81|4820746.206666667|103.24
2020-05-21|10720|4531|78021|10370|3617684|73260297|37320431|7371795|284976980|292771.0|37323.57666666667|4789909.91|843812.3866666667|848597.0766666667|4893307.89|105.72
2020-05-22|10734|4482|79036|10251|3810862|74025632|38093834|7485944|290199338|300933.8433333333|38684.60333333333|4863004.986666666|797286.63|803582.4|4961268.366666666|107.20
2020-05-23|10616|4327|79405|10402|3459484|70153467|36883188|7103810|287755128|290657.58666666667|37993.49|4864747.27|846154.3166666667|850536.9533333334|4961967.68|105.59
2020-05-24|10607|3703|77572|10445|2720246|66588107|30090411|6141584|279367723|243852.71333333335|33282.41333333333|4774748.213333333|869087.34|873395.28|4878435.433333334|101.48
2020-05-25|12125|3953|72121|10292|2979222|66900547|29882334|6215770|262557984|235389.88666666666|33293.93|4485465.743333333|871456.05|875766.1533333333|4601647.453333333|96.17
2020-05-26|10798|4917|75512|10250|4630902|76987587|38200322|7376461|277416747|305193.4033333333|39929.25666666667|4694086.523333333|840706.8533333334|845789.19|4801962.57|104.35
2020-05-27|10666|4529|76241|10258|3711856|70623478|37435245|7398256|279050897|295991.57|38407.64666666667|4695551.243333333|821513.6733333333|826324.8333333334|4816601.72|103.57
2020-05-28|10664|4618|77436|10240|3747274|71450418|37809248|7544028|282199887|298289.61333333334|37447.276666666665|4779784.696666666|835898.61|840535.2233333334|4892874.376666667|105.06
2020-05-29|10687|4731|78537|10387|3826800|72268362|39249473|7718334|287336119|308806.85333333333|36306.79666666667|4843024.49|849564.2533333333|854110.5833333334|4957643.263333334|106.71
2020-05-30|10698|4558|79671|10476|3736718|71754578|37099250|7082943|288864236|289724.7866666667|32042.253333333334|4905056.593333334|865621.1133333333|870032.1866666666|5019567.0|106.33
2020-05-31|10688|3976|77006|10464|3044378|68025766|31978316|6211664|278908465|258335.59333333332|27774.823333333334|4764767.496666667|876930.4033333333|881229.4466666667|4884174.18|101.93
2020-06-01|15820|5127|76823|10332|5537722|72618465|39914947|7760520|282557046|316957.52|33560.183333333334|4767228.47|846550.7033333334|851327.1133333333|4877475.053333334|105.66
2020-06-02|10935|4678|78166|10333|4698925|77250082|39329860|7432004|285596777|309285.25666666665|33189.21666666667|4824654.263333334|838509.2733333333|843212.8666666667|4935399.3533333335|107.17
2020-06-03|10713|4559|75664|10067|3678268|72212467|38611201|7420266|278402279|300093.7766666667|33011.4|4683210.616666666|801455.8433333334|805833.9733333334|4799544.383333334|103.95
2020-06-04|10717|4559|75479|9712|3722054|72605005|39537467|7417267|275116014|306267.31666666665|30975.863333333335|4695615.203333333|757304.8433333334|763457.4233333333|4805159.946666666|103.64
2020-06-05|10735|4639|75926|9925|3821385|73847479|40214259|7525911|277857097|310096.18|30351.376666666667|4723118.606666666|792520.8866666667|796880.9566666667|4839775.573333333|104.34
2020-06-06|10711|4436|75997|9772|3683763|68297954|38401034|6911850|275894568|298330.7633333333|27833.18|4737743.75|790184.73|793486.61|4862542.403333333|107.77
2020-06-07|10640|3629|73035|9795|2719151|64168852|31721140|7729004|262431536|263118.83666666667|26372.86|4578567.633333334|818468.5633333334|821552.1|4726482.206666667|102.51
2020-06-08|12114|4872|72924|9816|4290611|71401833|39364002|7695027|267791365|307705.54|29406.446666666667|4570462.626666667|810346.9633333334|814093.3766666667|4720550.8966666665|106.11
2020-06-09|10808|4345|74305|9797|4576238|74705102|38521768|7171552|273967465|298556.9633333333|28301.166666666668|4654321.693333333|793524.71|797100.7266666667|4787438.003333333|108.65
2020-06-10|10611|4232|73755|9642|3616221|69153730|37770803|7151998|270952332|290132.75666666665|28285.516666666666|4617287.773333333|795288.8633333333|798530.3766666667|4770819.903333333|106.07
2020-06-11|10626|4246|74269|9499|3652332|69363119|38123104|7190000|269142943|292191.68333333335|28721.856666666667|4665839.286666667|784226.0966666667|787591.77|4812841.403333333|106.16
2020-06-12|10618|4517|74193|9899|3773793|69099531|39102318|7319722|270758777|299241.06666666665|28782.81|4665952.86|828923.3266666667|832299.69|4809886.04|107.02
2020-06-13|10627|4571|75242|9747|3862177|69737406|39336821|7122412|272421254|303567.80333333334|28048.103333333333|4712926.2|804059.6733333333|807708.2833333333|4839522.73|107.38
2020-06-14|10608|3910|73178|9632|3039336|64688527|31808172|6193924|263413053|257728.88333333333|24657.903333333332|4598854.15|816323.2566666667|819415.8|4733062.346666667|102.11
2020-06-15|12119|4050|68521|9355|3201869|64712738|30250858|6084567|246967171|237888.12333333332|24499.483333333334|4365310.32|802021.7966666666|805068.2866666666|4498604.52|97.08
2020-06-16|10804|5078|71454|9452|4934966|75231133|39680231|7403259|261089476|306376.7966666667|28390.206666666665|4531320.706666667|789608.08|793075.0033333333|4658929.6|105.00
2020-06-17|10647|4591|72834|9850|3776425|70741600|38694180|7183900|267322900|297379.16333333333|28123.32|4588919.55|818329.6466666666|821995.1733333333|4712273.37|106.33
2020-06-18|10665|4501|73093|9668|3714745|69288305|38802185|7244993|267255415|298080.98333333334|27467.603333333333|4600790.736666666|795315.95|798570.3033333333|4726122.796666667|106.02
2020-06-19|10712|4770|75333|9771|4055924|71980128|41616698|7673589|274606178|319215.0966666667|28220.31|4732607.1033333335|805718.3733333333|809113.4966666667|4853650.176666667|108.99
2020-06-20|10669|4618|75392|9829|3816463|70760582|39884968|6982650|275110882|309174.33666666667|28947.56333333333|4735669.703333333|805705.4633333334|809272.4|4855734.893333334|108.52
2020-06-21|10667|4128|76163|8445|3282517|66992381|35956533|6602483|271500554|292400.68666666665|24984.85|4780196.943333333|670981.1366666667|674502.9166666666|4907389.27|104.25
2020-06-22|12196|3914|69350|8973|2987936|64931254|29763972|5888557|248806655|239101.73666666666|24057.63|4418775.923333333|762287.0066666667|764915.2433333333|4557084.69|97.25
2020-06-23|10856|5068|71094|9192|4902222|76958989|39127515|7696663|258598939|303166.21|30492.766666666666|4520850.613333333|766019.4366666666|769346.0933333334|4653603.116666666|104.27
2020-06-24|10700|4603|72126|9369|3788371|71360350|38995706|7492609|263653719|303959.43333333335|29941.393333333333|4574052.796666667|770331.18|773567.4266666666|4703264.63|105.22
2020-06-25|10723|4578|74257|8784|3781682|70851431|39055202|7480665|266308223|300965.69|29283.73|4683188.086666667|697576.9366666666|701313.82|4804716.983333333|105.38
2020-06-26|10713|4727|75687|9453|3922512|71261921|40233141|7357766|272089309|308045.36|29839.42|4752009.276666666|781400.4466666667|784439.2033333334|4879362.636666667|107.80
2020-06-27|10728|4748|74701|8824|3975275|71828662|39632062|7113377|270938780|309093.93333333335|26790.763333333332|4715941.456666667|701097.2866666666|706178.1633333333|4809129.12|106.33
2020-06-28|10724|3906|72983|9498|3021821|65830550|31451954|6001407|261586596|252059.59333333332|24252.23|4583672.516666667|798587.68|801290.09|4713056.033333333|101.70
2020-06-29|12270|4095|68620|9237|3239268|66514432|31454096|6198415|247799569|248223.31666666668|24761.87|4378762.696666666|787723.1|790658.7966666666|4515003.68|97.60
2020-06-30|10944|5307|72794|9100|5185621|78331095|41010982|7837216|263219460|318371.0333333333|30389.32|4607886.51|753665.15|757003.27|4738203.093333334|106.10
2020-07-01|14353|4884|70948|8900|5386931|67869108|40629200|7477305|258625628|313969.62666666665|29324.476666666666|4512008.223333334|729636.1133333333|732548.7066666667|4644885.953333333|103.43
2020-07-02|10767|4773|67061|8695|4018308|70870402|40547966|7531781|247331178|311856.38333333336|28850.04|4312506.416666667|702664.2466666667|705628.22|4450740.1466666665|100.34
2020-07-03|10767|4854|64939|8482|4104179|70605039|41925584|7732543|240913685|321328.5466666667|29086.953333333335|4219915.136666667|688782.82|691978.65|4360533.893333334|98.50
2020-07-04|10765|4730|61341|8372|3993890|68178641|39878222|7098658|230656329|306733.63666666666|27809.316666666666|4049536.566666667|677236.0333333333|680174.3466666667|4188337.86|94.38
2020-07-05|10757|4104|56984|7902|3245128|65096735|33115971|6186762|213071476|265873.26666666666|24678.06|3837437.6566666667|647285.9133333333|650178.3833333333|3986327.8633333333|87.26
2020-07-06|12321|5220|55998|7822|4433306|70367928|40378257|7569595|212149630|313020.5366666667|29214.216666666667|3801568.9433333334|641190.83|644341.63|3951917.946666667|89.68
2020-07-07|10990|4771|53839|7745|4920725|73849287|39255784|7203666|206653813|302536.0333333333|28267.23|3704663.08|630249.9233333333|633390.2033333334|3863385.18|88.55
2020-07-08|10793|4661|52319|7613|3865552|68805501|39482207|7260849|200786416|304306.98|28626.81333333333|3621369.0866666664|621558.82|624737.28|3782890.1433333335|85.85
2020-07-09|10791|4620|58177|8020|3811903|68217550|39727740|7269952|218501473|304146.06333333335|28681.916666666668|3940968.6533333333|683017.89|686109.6866666666|4107010.2466666666|90.90
2020-07-10|10756|4701|59389|7093|3899242|68655305|40766814|7428215|218952161|310441.8333333333|28595.113333333335|4040602.9166666665|588905.59|592761.81|4206082.15|90.33
2020-07-11|10727|4587|56800|7812|3812065|67402954|39354119|7028121|213240860|302407.55|26918.09|3890529.5633333335|679539.3466666667|682510.1766666666|4068283.4633333334|88.39
2020-07-12|10670|4054|54017|7647|3167471|64437648|32473969|6259852|201249127|261234.05|24881.356666666667|3732298.63|676969.8666666667|679899.1166666667|3922957.473333333|83.18
2020-07-13|12171|5208|56008|7572|4443769|69336124|39816516|7494606|209518873|308865.38|28771.243333333332|3834146.446666667|661322.8533333334|664681.27|4018633.05|88.09
2020-07-14|10901|4700|55042|7764|4806346|72557095|39064427|7205060|210254598|304000.13|27982.71|3761908.4566666665|665751.8366666667|669391.7633333333|3929893.14|88.84
2020-07-15|10721|4651|56518|7606|3861982|68773194|39672963|7233158|210836136|303729.3433333333|28905.53|3836538.4|656596.0066666667|659625.23|4009678.5033333334|88.38
2020-07-16|10653|4690|57451|7735|3917573|67674264|40223174|7271395|215039653|306446.5933333333|29061.456666666665|3902215.756666667|665835.1233333333|668726.18|4069496.8933333335|89.61
2020-07-17|10663|4654|57281|7735|3850988|67408003|40240057|7293255|213902278|307510.7033333333|28955.333333333332|3891395.2066666665|664530.8233333334|667885.88|4056742.203333333|89.19
2020-07-18|10666|4493|55696|7652|3719118|66944420|38628845|6901052|207264963|296927.1433333333|26875.26|3813300.98|672190.6933333334|674862.8833333333|3976176.79|86.44
2020-07-19|10644|3864|53170|7540|2993055|63675364|31218007|6049672|196880878|250618.00666666665|24149.81333333333|3677873.82|670875.1466666666|673518.85|3843074.9566666665|81.42
2020-07-20|12154|3932|50398|7243|3020826|63494462|29665781|6002637|187765441|234465.94333333333|24682.06333333333|3539399.4|656742.9433333334|659400.7466666667|3710949.243333333|78.09
2020-07-21|10870|5259|53936|7370|5092971|76611203|39951010|7641436|202571324|307267.5133333333|29714.883333333335|3739168.1533333333|653186.67|656311.9233333333|3902818.1033333335|86.84
2020-07-22|10728|4697|54544|7518|3910129|70900044|39225707|7362971|205075124|301489.57|28489.9|3752351.3966666665|652284.2766666666|655207.3833333333|3915239.9266666668|86.92
2020-07-23|10712|4635|54752|7693|3887488|68235304|38822591|7199763|206102709|295664.81333333335|28407.826666666668|3762529.2933333335|670449.36|673641.3966666666|3929658.6233333335|86.95
2020-07-24|10737|4578|55280|7905|3834785|68538618|38591689|7155696|208274020|293082.0|28426.693333333333|3785809.446666667|695836.64|698532.3033333333|3959623.89|87.53
2020-07-25|10719|4430|54880|7858|3724076|67460246|36641260|6790929|206338832|281697.58666666667|26505.38|3772855.2|695148.81|697915.15|3948829.67|85.94
2020-07-26|10694|3885|51953|7467|3052915|63712038|30953521|5908580|193104099|245665.83666666667|23654.87|3606574.796666667|669117.75|671641.47|3780266.8566666665|80.21
2020-07-27|12242|5219|53431|7465|4458757|70134487|39464504|7024066|201708111|303935.54|28135.88|3697299.4766666666|657290.6866666666|660086.1366666667|3871477.4133333336|85.72
2020-07-28|10961|4737|53922|7739|4965585|73588342|39149701|7316867|204313484|299999.54|28384.34|3716539.6466666665|676636.6966666667|679256.9566666667|3886495.83|87.36
2020-07-29|10777|4748|55606|7697|4118204|69149734|39058487|7272399|208964522|298152.73|28345.71|3811393.11|668765.4166666666|671295.47|3982817.8133333335|87.96
2020-07-30|10782|4748|55937|7627|4085496|68678602|39412472|7164295|209720970|301129.42|28574.536666666667|3836657.05|664755.5166666667|667302.4|4010597.7266666666|88.04
2020-07-31|10757|4848|56409|7891|4104254|69224446|40577232|7313743|212137907|310360.6566666667|29548.96|3861423.69|693948.5|696598.82|4036885.3933333335|89.15
2020-08-01|14415|4659|55621|7838|5292452|66564940|39842491|7073874|208305526|306383.98333333334|27168.803333333333|3819571.263333333|689081.07|691877.25|3988728.57|87.19
2020-08-02|10755|3977|53362|7617|3108810|65809898|32404111|6204064|197564464|261485.91666666666|23725.316666666666|3688203.5633333335|675589.6266666667|678939.7366666667|3860639.55|82.39
2020-08-03|12319|5329|55446|7580|4541528|72177197|40611658|7633784|205717421|314363.8|29285.753333333334|3799443.263333333|659718.1833333333|662887.5033333333|3963438.8|87.99
2020-08-04|11035|4908|57361|7760|4977313|77677009|40423746|7423865|214801520|310635.5333333333|29781.263333333332|3890872.56|667051.6733333333|670093.93|4052945.1233333335|91.58
2020-08-05|10810|4786|57722|7807|3935455|69087523|40298763|7312398|215634354|307749.09|29651.233333333334|3911230.27|666781.9733333334|669730.5266666666|4073869.92|90.15
2020-08-06|10836|4840|48421|7268|3999519|69966646|41302126|7428955|189795591|314567.61666666664|29279.366666666665|3442842.22|589871.5233333333|592676.1366666667|3607107.4433333334|83.19
2020-08-07|10765|4048|45825|7303|3130259|65077377|33988882|6287963|177596683|260709.73666666666|25430.156666666666|3292694.2333333334|605263.1433333333|607785.1933333334|3470219.3433333333|77.08
2020-08-08|10688|4493|45576|7192|3656825|65949248|37125207|6759419|178367662|288166.32666666666|25525.47333333333|3296838.3233333332|596926.09|599617.6233333333|3488307.763333333|77.73
2020-08-09|10607|3901|43220|6969|2912525|62389676|30571215|5879237|167577724|245710.17333333334|23289.92|3169704.99|591831.53|594282.42|3375573.75|72.71
2020-08-10|12110|5357|45884|7096|4538064|69072950|40589484|7728838|180280846|316761.75666666665|27763.113333333335|3319723.1766666668|591470.09|594530.8533333334|3523033.736666667|79.97
2020-08-11|10856|4802|46801|7215|4882080|71905791|39862472|7449746|184267375|308801.54|28076.243333333332|3358411.1266666665|588638.5166666667|591449.4533333334|3555476.0233333334|81.66
2020-08-12|10660|4684|46727|7188|3824495|67502544|39206913|7271153|183286925|302241.5266666667|26225.423333333332|3349739.19|586726.23|589402.8866666667|3540604.3233333332|80.40
2020-08-13|10657|4570|45825|7119|3746307|66252477|38317054|7138945|181631087|298134.76|24496.206666666665|3301164.54|574649.9366666666|577346.2233333334|3474617.9366666665|79.63
2020-08-14|10667|4714|46448|7410|3865087|67082229|39876915|7395229|185520926|310799.85333333333|24392.606666666667|3323743.43|602451.6266666667|605239.87|3494541.32|80.99
2020-08-15|10664|4626|45374|7330|3764038|66113952|38623935|6810591|178808542|302276.7766666667|23085.85|3257094.7|599655.0733333334|602484.0066666667|3424036.6033333335|78.45
2020-08-16|10654|4005|42923|7062|3033132|63301850|31140964|6187225|167458098|253293.79|22269.533333333333|3131436.9233333333|587899.5666666667|590475.6333333333|3303814.9166666665|73.16
2020-08-17|12173|4146|40172|6646|3180444|63825043|29580397|6148513|156839810|234138.37666666668|22676.943333333333|2990254.6433333335|567855.1366666667|570447.89|3168974.15|69.32
2020-08-18|10865|5385|43542|7099|5214097|74608366|39694274|7714162|173809209|308668.6066666667|26182.733333333334|3178032.22|591150.1833333333|594329.54|3345560.8966666665|78.68
2020-08-19|10694|4725|44577|7044|3873101|67074979|38281293|7232036|176561244|295253.44|25906.89|3226776.3533333335|570938.1833333333|573672.55|3388487.78|78.03
2020-08-20|10704|4783|43558|7133|3974352|68210932|38827276|7330567|174088311|299262.36333333334|25173.833333333332|3170354.64|578952.9833333333|581758.7966666666|3342008.1233333335|77.76
2020-08-21|10709|4705|44605|7182|3960734|67494176|39142096|7355845|177058893|300355.43666666665|25025.093333333334|3241875.52|581686.6866666666|584352.0866666667|3416830.506666667|78.64
2020-08-22|10715|4600|42967|6969|3858149|66917881|37326107|6964330|170159046|289687.22|24038.84|3156512.7933333335|573070.1666666666|575744.4066666666|3329618.776666667|75.55
2020-08-23|10696|4011|40145|6767|2996055|63589470|30261180|5909587|158410633|245665.3|22220.126666666667|2996209.5033333334|561120.3133333334|563573.3966666666|3177136.723333333|70.25
2020-08-24|12242|5284|41298|6917|4419337|69423895|38166411|7471510|165561563|297916.18|24996.38|3056547.62|571686.74|574684.45|3235597.2933333335|75.19
2020-08-25|10943|4831|41900|7085|4942618|73201139|37755624|7233775|167630371|290473.01|25731.22333333333|3081461.82|578168.6066666667|581090.4166666666|3254385.1533333333|76.67
2020-08-26|10734|4739|41829|7112|3957942|67704405|37423709|7138789|167792202|286400.81666666665|25304.683333333334|3082109.566666667|579262.2233333334|582120.67|3259020.59|75.81
2020-08-27|10760|4684|42348|7001|3997826|67834020|37730089|7178062|168946026|288359.86333333334|25382.29|3121130.9266666668|569062.4566666667|571814.3866666667|3299145.78|76.17
2020-08-28|10763|4862|43901|6493|4191850|68479970|39300487|7358128|172706599|300962.49666666664|25391.106666666667|3230043.05|516180.83666666667|519207.06666666665|3406011.5733333332|77.02
2020-08-29|10773|4834|42838|6897|4235215|67768779|38338121|7133553|169744541|297637.24333333335|24893.986666666668|3164948.1733333333|566822.1433333333|569312.5466666666|3344034.5033333334|75.83
2020-08-30|10772|4298|40140|6692|3435670|65601836|31325045|6365797|157807020|255393.44666666666|22406.093333333334|3013950.9266666668|558110.5666666667|560434.7466666667|3199399.2533333334|70.60
2020-08-31|12353|5552|42124|7013|4795911|71157285|39331362|7664711|168484618|304939.53|25990.556666666667|3120904.38|578928.64|581862.31|3301880.1466666665|76.82
2020-09-01|14691|5033|43890|7137|6504665|73694313|39630062|7391170|176080322|304566.94333333336|26530.33|3211838.7333333334|572886.8966666666|575594.6866666666|3391757.7666666666|79.84
2020-09-02|10857|4888|44427|7330|4014105|70593406|39196786|7289862|180498680|301692.4033333333|26541.053333333333|3218082.09|583998.67|586585.62|3388878.55|80.16
2020-09-03|10902|4843|45153|7203|3997696|69970071|39757675|7379103|180087520|305632.29333333333|26310.82|3265264.5633333335|574306.8833333333|577124.0233333333|3439456.5933333333|80.09
2020-09-04|10897|4809|45698|7169|4059266|68682637|40807527|7514045|181800304|312703.49|26537.086666666666|3302102.1266666665|569740.91|572580.9633333334|3473631.71|80.68
2020-09-05|10898|4909|44973|7164|4228387|69130546|41749684|7490602|179932372|326110.30333333334|25083.826666666668|3284537.54|571776.0866666667|574673.47|3455849.1233333335|79.63
2020-09-06|10887|4256|42369|7074|3346743|65746379|33033668|6562322|170407718|273696.67333333334|22670.35|3145643.13|570355.48|573044.6166666667|3320951.6866666665|74.91
2020-09-07|12525|5335|43517|6960|4551151|70653665|39771248|7662461|174214513|311231.59|26197.786666666667|3188256.03|556180.2366666667|559210.6|3361788.8366666664|78.54
2020-09-08|11117|4806|43554|7027|4964708|73918412|38606678|7357016|174910255|297987.8433333333|26708.163333333334|3169501.8266666667|558905.25|561618.8766666667|3353955.76|78.99
2020-09-09|10837|4757|44024|7033|3923856|69189816|39074490|7350473|175480715|300228.92333333334|26629.356666666667|3195079.63|563320.35|565984.1766666666|3399186.9033333333|78.62
2020-09-10|10776|4748|44033|7040|3919269|67469162|39537264|7427650|175410890|303170.50333333336|26752.866666666665|3206736.7733333334|567578.1|570327.0133333333|3431620.696666667|78.35
2020-09-11|10761|4804|42957|8696|3993146|67251896|40133890|7478040|176438078|307824.35|26070.706666666665|3136699.1733333333|668439.3066666666|671362.82|3363447.3|79.42
2020-09-12|10776|4927|42702|8721|4195459|68989415|40458925|7473393|176447350|315199.30666666664|24859.9|3134268.6|675589.0233333333|679358.39|3350217.94|79.43
2020-09-13|10772|4243|40317|8450|3315039|65373262|32498665|6588072|167415493|269495.4633333333|22265.216666666667|3008586.91|659127.5366666666|662489.9033333333|3221644.8966666665|74.72
2020-09-14|12348|5324|41639|8615|4483964|70295492|39604764|7721293|172762529|310833.0966666667|26652.573333333334|3055695.946666667|674086.3866666667|678001.2533333333|3264360.2333333334|78.68
2020-09-15|11017|4938|41868|8708|5066675|73708708|38899909|7515288|176456659|304646.0266666667|27810.18|3071730.3466666667|665494.2433333333|669636.7133333334|3271064.29|80.43
2020-09-16|10727|4905|41337|9267|4040223|68597268|39366335|7508970|174870308|302072.68333333335|27660.296666666665|3018223.5633333335|729136.0233333333|733018.5233333333|3203791.0|79.62
2020-09-17|10724|4820|41319|9533|4002580|68429954|39662607|7480542|177000171|305752.49|27280.35|3004267.91|741596.46|745470.89|3173208.5366666666|80.59
2020-09-18|10742|4881|40792|10966|4107519|69042350|40918853|7642979|178075061|315440.82666666666|26651.256666666668|2944957.33|871894.7433333333|876007.0366666666|3128382.546666667|81.91
2020-09-19|10738|5114|40621|11593|4429860|69607163|42742402|7739063|181391649|332817.30666666664|25711.113333333335|2950072.69|919043.1533333333|923760.5766666667|3130643.31|83.36
2020-09-20|10747|4343|38151|11135|3408059|66219408|33523295|6724974|168592633|279658.39|22646.416666666668|2811681.0433333335|891491.1233333333|895950.21|2993668.1933333334|77.50
2020-09-21|12304|5308|39157|11375|4466883|70834087|39546422|7691586|175225085|312572.5366666667|27293.51|2855854.97|905119.7066666667|910471.5566666666|3028573.27|81.73
2020-09-22|11000|4980|39311|12097|5133919|74712497|39823491|7641655|177050072|308114.19666666666|29293.96|2840711.9166666665|969379.5066666667|974501.7433333333|3007990.98|83.55
2020-09-23|10805|4797|40827|10878|4002107|70494387|38942634|7435361|176632836|300014.04|29117.363333333335|2956585.7466666666|839264.28|843294.07|3120687.28|81.62
2020-09-24|10802|4802|39176|11965|3999204|72005907|38914068|7493437|176541603|300876.25333333336|27760.173333333332|2869501.716666667|951985.2666666667|957112.92|3025923.9|82.50
2020-09-25|10802|4921|38667|13674|4150407|72387858|40426704|7608008|179066785|311964.5466666667|27272.823333333334|2806862.7333333334|1085499.18|1091472.07|2952635.013333333|84.85
2020-09-26|10810|5063|38357|14083|4412668|71086813|40930985|7586002|179404639|321183.98|26290.006666666668|2795461.296666667|1116264.7566666666|1122777.4166666667|2932934.73|84.62
2020-09-27|10801|4319|36850|12901|3442488|67126183|32803182|6602660|169240465|272974.0266666667|22506.32|2730534.3866666667|1014170.2166666667|1021015.5066666667|2865993.2333333334|78.75
2020-09-28|12407|5438|37443|13651|4607758|73716458|39806477|7743051|174698611|314585.00333333336|27047.333333333332|2725146.1666666665|1083760.4066666667|1090675.14|2855890.526666667|83.80
2020-09-29|11069|4926|36237|15930|5115661|77897940|38999304|7503905|177044511|302534.26|27408.55|2607591.65|1239447.7366666666|1246776.8533333333|2732220.79|86.45
2020-09-30|10877|5021|35937|16440|4223760|73391542|39346775|7499879|178344034|304955.96|27277.75|2585888.1533333333|1274997.2033333334|1283015.1466666667|2711669.8666666667|86.51
2020-10-01|14590|5041|36942|16969|5578640|72802619|40942038|7717401|183886901|315458.2166666667|26983.846666666668|2643861.38|1314249.63|1322825.16|2768193.1366666667|88.94
2020-10-02|10876|5029|36236|18879|4267638|73913882|42062986|7782427|187454005|322671.4733333333|26390.06333333333|2556546.52|1493244.88|1502354.85|2666261.0166666666|91.35
2020-10-03|10879|5054|35439|19976|4354705|73989717|42221253|7719068|188295889|329141.34|25068.166666666668|2502040.51|1574879.1966666668|1585211.6933333334|2611843.6933333334|91.96
2020-10-04|10846|4384|33536|19362|3476561|68754679|33828326|6747522|178345571|282252.37666666665|21797.146666666667|2400617.1633333336|1524118.85|1534597.0033333334|2512211.203333333|86.66
2020-10-05|12460|5411|35048|19581|4568287|74126429|41276948|7972240|185048115|324079.46|25127.766666666666|2450550.9033333333|1557499.2766666666|1567630.93|2562316.553333333|91.27
2020-10-06|11106|4949|35751|20315|5077674|79314735|40697398|7663818|189337049|313004.83|25741.683333333334|2485582.1766666668|1604593.6133333333|1614834.8033333332|2596676.1366666667|93.73
2020-10-07|10891|4751|35594|20407|3915088|73186713|39990199|7537407|188446410|306202.1|25568.486666666668|2477771.803333333|1615454.9533333334|1625387.14|2591266.73|92.62
2020-10-08|10885|4771|35370|20219|3941789|73025087|39849885|7564839|187190496|305041.4633333333|25184.033333333333|2472280.4266666668|1607497.4433333334|1617959.6533333333|2587827.1133333333|92.12
2020-10-09|10922|4852|35620|20359|4073482|72766835|41061527|7737916|189567974|316643.75|25162.783333333333|2501930.52|1637080.53|1647459.9366666668|2627001.7066666665|92.83
2020-10-10|10866|5056|35913|20743|4329302|72618801|42049885|7831949|193623121|332713.73|24795.106666666667|2532994.85|1661601.2266666666|1672256.2533333334|2670411.263333333|93.92
2020-10-11|10788|4304|34403|20362|3396735|66040120|33916192|6850860|187487211|285949.8|22554.193333333333|2471357.8066666666|1635458.0266666666|1644442.8433333333|2624584.4833333334|89.43
2020-10-12|12360|4316|32316|18967|3394542|65307678|31474591|6662756|173506108|256974.15333333332|22728.503333333334|2351334.8333333335|1567595.7866666666|1576232.6266666667|2508410.3133333335|83.73
2020-10-13|10998|5278|34574|19520|5112489|77034103|39263958|7869033|183102055|306025.7733333333|25701.97|2449829.2933333335|1611629.95|1622033.1566666667|2600697.743333333|90.63
2020-10-14|10819|4802|34826|19891|3912466|70655978|39168925|7610949|184428966|303940.87|24869.76|2447660.703333333|1620016.3733333333|1630075.9366666668|2598932.223333333|90.40
2020-10-15|10833|4890|35385|20121|4003117|71769360|39742918|7713091|188348473|309493.2133333333|25518.816666666666|2485949.1633333336|1636066.2333333334|1646177.1|2641349.95|91.94
2020-10-16|10846|4950|36070|20455|4110654|72770342|41029849|7864139|191401810|318738.09|25396.476666666666|2527581.2666666666|1662615.2866666666|1673120.1866666668|2671680.2533333334|93.55
2020-10-17|10847|5056|35846|20228|4274212|72728623|41284130|7730153|188713988|323149.54|24601.9|2521539.3966666665|1653143.02|1664085.4066666667|2663488.8066666666|92.01
2020-10-18|10841|4315|33847|19759|3329059|68622012|33635998|6697978|180227920|278930.0366666667|22765.893333333333|2421929.7666666666|1596046.3833333333|1605556.45|2553340.7266666666|87.63
2020-10-19|12447|5309|34869|19772|4382259|73644004|39883931|7867087|184608327|313238.7|25566.67|2445522.37|1595674.41|1606792.4033333333|2576941.723333333|91.14
2020-10-20|11097|4823|35092|19942|4937663|77366964|39425278|7623621|187908627|306311.16|24918.783333333333|2454734.4166666665|1579174.54|1589455.9566666668|2569356.14|92.54
2020-10-21|10885|4693|35026|19784|3801790|71482187|38888893|7508881|184735368|300345.2866666667|25127.18|2447761.5733333332|1600348.34|1610076.7666666666|2583594.3566666665|90.57
2020-10-22|10875|4674|34780|19840|3803578|71903983|38611203|7483252|183926320|298300.2166666667|25244.93666666667|2446785.796666667|1613812.9433333334|1623818.82|2586208.4033333333|90.40
2020-10-23|10878|4768|35244|19958|3901570|72680714|39672345|7781116|185419220|307155.31333333335|26321.27|2481725.09|1639776.3833333333|1649990.14|2623531.8466666667|91.13
2020-10-24|10898|4995|35202|19935|4239744|73160729|39971672|7708153|186184363|314145.42333333334|26449.393333333333|2492715.86|1636900.91|1647467.0366666666|2624942.0766666667|90.99
2020-10-25|10899|4194|33602|19335|3394910|68313714|33117178|6912942|176728096|275347.7233333333|23786.616666666665|2412713.6233333335|1591082.5766666667|1600179.9566666668|2545434.7133333334|86.04
2020-10-26|12527|5357|34897|19702|4540208|74287280|39448148|7861047|184372235|314217.57666666666|27026.346666666668|2458325.033333333|1606183.0833333333|1616931.15|2585371.1866666665|91.08
2020-10-27|11159|4822|34887|19525|4925028|78817309|38755849|7705452|184821365|301677.7133333333|26820.53|2454137.953333333|1581381.7133333334|1591776.7333333334|2581540.966666667|91.29
2020-10-28|10954|4755|34803|19629|3964631|71964617|38634326|7500800|183658645|299805.7366666667|27102.753333333334|2445384.986666667|1589552.5766666667|1599451.5833333333|2570120.933333333|90.14
2020-10-29|10964|4808|34715|19582|3995613|73594474|39122536|7201482|183164716|303930.37666666665|26924.496666666666|2449835.24|1591895.5233333334|1602344.0633333332|2571330.1333333333|90.18
2020-10-30|10908|4826|34298|19574|3953046|72855536|40399401|8371354|182589886|317773.91333333333|26523.06|2439675.59|1593848.6066666667|1608167.34|2564459.7666666666|90.22
2020-10-31|10970|5463|34981|20219|4693443|72542360|40898718|7748952|188909545|324903.6533333333|25778.626666666667|2477592.1|1644657.06|1655275.3066666666|2597135.52|91.83
2020-11-01|14764|4411|33345|19846|4742420|66781262|32838308|6670363|180115850|274036.31333333335|22654.82|2390054.03|1611749.16|1621091.93|2510259.5933333333|86.95
2020-11-02|12608|4427|31611|18948|3450389|67982935|31589478|6695834|170730187|258392.40666666668|22863.45|2289211.38|1557377.1266666667|1566441.4666666666|2408071.53|83.37
2020-11-03|11176|5489|34246|20173|5347380|80125036|40967537|7448040|185327495|324955.52|26929.486666666668|2412696.45|1629843.23|1641070.5366666666|2524266.6633333336|101.54
2020-11-04|10985|4887|33025|20295|4005296|74820308|40025686|7625609|181934012|311751.19|26458.046666666665|2333759.82|1593721.1033333333|1604531.63|2445485.776666667|105.27
2020-11-05|10990|4820|33757|20688|3947731|72285031|39936797|7466317|185617159|316220.3933333333|27133.033333333333|2366131.3566666665|1618343.52|1628519.4566666668|2480268.6133333333|98.10
2020-11-06|10972|4899|34410|21210|4044191|70696437|40852140|7841548|192663267|318279.16|26943.023333333334|2410683.6866666665|1638399.55|1648496.0066666666|2524519.453333333|93.95
2020-11-07|10981|5023|34593|21064|4167627|70714381|41287934|7769675|190817583|324683.2033333333|25647.82|2419921.6566666667|1635557.3866666667|1645975.2|2530717.6633333336|93.20
2020-11-08|10927|4298|32611|20572|3272531|66361931|33672696|6755285|181212208|280907.96|23924.71|2317069.696666667|1588659.1233333333|1598061.19|2438211.63|88.18
2020-11-09|12497|5182|33825|20787|4290423|70266356|39983784|7899470|186939381|314320.2633333333|27748.096666666668|2356737.3766666665|1617137.9966666666|1627393.86|2493137.84|92.10
2020-11-10|11085|4766|34169|21141|4848237|73967068|39338971|7698938|190040099|306831.99666666664|28678.506666666668|2377070.4166666665|1635197.9033333333|1644914.1633333333|2519761.453333333|94.04
2020-11-11|10873|4656|33758|21004|3740758|69003372|38764284|7568132|189256795|300877.67|27665.94|2357239.203333333|1624433.1766666668|1633856.1166666667|2499460.973333333|92.26
2020-11-12|10866|4641|33979|21095|3671569|68331225|38941209|7583429|189077492|301817.4733333333|27140.586666666666|2367223.7133333334|1631846.9066666667|1641236.8266666667|2507623.683333333|92.42
2020-11-13|10861|4803|34809|19812|3851469|68821646|38396475|7763497|191398154|323079.44333333336|26288.086666666666|2440330.6366666667|1448569.75|1464655.1066666667|2540403.8566666665|91.88
2020-11-14|10875|5072|35201|20488|4165333|70716791|41019847|7833390|193984102|327448.25333333336|26417.366666666665|2433222.8833333333|1557626.3966666667|1567073.7133333334|2537709.1233333335|93.20
2020-11-15|10855|4353|34561|21239|3329942|67102912|34052339|6959422|193330857|286546.9666666667|24177.51|2414813.5633333335|1606482.01|1615598.6533333333|2520107.473333333|91.93
2020-11-16|12463|4272|33171|20382|3211162|66729427|31303196|6633118|184569208|257096.09333333332|25043.73|2330401.34|1573763.0533333332|1582678.11|2440439.85|88.29
2020-11-17|11087|4926|36626|21468|5007804|76809470|39625463|7908078|199520550|311088.2733333333|29442.18|2485787.34|1659918.8233333332|1670289.0133333334|2591813.473333333|96.73
