Localidad,Latitud,Longitud,NumAccidentes
LOCALIDAD CIUDAD BOLIVAR,4.548107862949258,-74.15480721144058,1
LOCALIDAD ENGATIVA,4.722607814574043,-74.1316537350397,1
LOCALIDAD BOSA,4.599924242359593,-74.15672967771624,1
LOCALIDAD BOSA,4.621889056824172,-74.20517718821066,1
LOCALIDAD PUENTE ARANDA,4.62523949536391,-74.10213275725158,1
LOCALIDAD CHAPINERO,4.661858492429176,-74.05563102485507,1
LOCALIDAD SANTA FE,4.615591346827385,-74.06976427068246,1
LOCALIDAD BOSA,4.5977525662398,-74.17936794654405,1
LOCALIDAD KENNEDY,4.631912219968852,-74.16621179589431,1
LOCALIDAD SANTA FE,4.5811817768623,-74.06952045416466,1
LOCALIDAD SAN CRISTOBAL,4.549084687921823,-74.08801304722282,1
LOCALIDAD BOSA,4.637619772637683,-74.18139561441541,1
LOCALIDAD CIUDAD BOLIVAR,4.55643373771646,-74.15033553282576,1
LOCALIDAD DISTRITO CAPITAL,4.596952569317837,-74.0798755916093,1
LOCALIDAD USAQUEN,4.718817088003873,-74.03529585259164,1
LOCALIDAD BOSA,4.61153826414288,-74.21120163456067,1
LOCALIDAD SOACHA,4.5371569875926605,-74.20571239579121,1
LOCALIDAD ANTONIO NARIÑO,4.594853124686904,-74.10044914489067,1
LOCALIDAD CIUDAD BOLIVAR,4.584359808527723,-74.15954242935031,1
LOCALIDAD KENNEDY,4.602875467711056,-74.15106500238495,1
LOCALIDAD PUENTE ARANDA,4.6022477646444555,-74.11112208802996,1
LOCALIDAD BARRIOS UNIDOS,4.688508610753066,-74.06391665576527,1
LOCALIDAD LOS MARTIRES,4.611640769878128,-74.08548182565671,1
LOCALIDAD LOS MARTIRES,4.598091064301975,-74.08593182304148,1
LOCALIDAD DISTRITO CAPITAL,4.74307646874107,-74.01575137112775,1
LOCALIDAD KENNEDY,4.606871946006346,-74.14208163611788,1
LOCALIDAD USAQUEN,4.74089915909023,-74.04337981261592,1
LOCALIDAD ENGATIVA,4.69641279039056,-74.09005153226347,1
LOCALIDAD ENGATIVA,4.688994036869025,-74.11003975358463,1
LOCALIDAD ENGATIVA,4.682672845775444,-74.09026765611335,1
LOCALIDAD ENGATIVA,4.688777171974776,-74.11022034088506,1
LOCALIDAD ENGATIVA,4.685372171192061,-74.09314914438062,1
LOCALIDAD SUBA,4.757787180063641,-74.0902329348323,1
LOCALIDAD DISTRITO CAPITAL,4.768312032603285,-74.02775249612799,1
LOCALIDAD SANTA FE,4.601688868356385,-74.07711108912967,1
LOCALIDAD CIUDAD BOLIVAR,4.567626252818374,-74.14518428367542,1
LOCALIDAD SUBA,4.710263507744838,-74.07779904022259,1
LOCALIDAD BOSA,4.5966413267235335,-74.17275248260128,1
LOCALIDAD DISTRITO CAPITAL,4.717677122372144,-74.02863473885357,1
LOCALIDAD DISTRITO CAPITAL,4.654197148956383,-74.11133674202904,1
LOCALIDAD FONTIBON,4.649873067264469,-74.12557710874736,1
LOCALIDAD KENNEDY,4.616499284492548,-74.16711327376993,1
LOCALIDAD ENGATIVA,4.6726125068640085,-74.0889914402289,1
LOCALIDAD ENGATIVA,4.672540142386529,-74.08899153365384,1
LOCALIDAD BOSA,4.610199891530121,-74.17962412854618,1
LOCALIDAD ENGATIVA,4.695823958548692,-74.08938513496167,1
LOCALIDAD DISTRITO CAPITAL,4.610984913226508,-74.20980493821605,1
LOCALIDAD SANTA FE,4.604692818960035,-74.07079708067705,1
LOCALIDAD SUBA,4.757432842052349,-74.06210209288297,1
LOCALIDAD KENNEDY,4.599565758717145,-74.14437107695942,1
LOCALIDAD USAQUEN,4.694364159021405,-74.03303056924244,1
LOCALIDAD KENNEDY,4.625033012317688,-74.14730650337133,1
LOCALIDAD USAQUEN,4.712384929975927,-74.0477915721139,1
LOCALIDAD ENGATIVA,4.712904423664883,-74.1410334306996,1
LOCALIDAD ENGATIVA,4.713003992969576,-74.14108740460604,1
LOCALIDAD KENNEDY,4.644716001905418,-74.15439588493297,1
LOCALIDAD ENGATIVA,4.694283460988449,-74.10826597606717,1
LOCALIDAD ANTONIO NARIÑO,4.58210226997268,-74.10321445760421,1
LOCALIDAD ENGATIVA,4.688941519446243,-74.09730975340409,1
LOCALIDAD ANTONIO NARIÑO,4.5821384524463085,-74.10321441251496,1
LOCALIDAD PUENTE ARANDA,4.632859996686885,-74.11253538631837,1
LOCALIDAD KENNEDY,4.651903481210102,-74.15870563609053,1
LOCALIDAD ENGATIVA,4.685526121255546,-74.09328417936227,1
LOCALIDAD ENGATIVA,4.709337985458278,-74.13906330895934,1
LOCALIDAD TEUSAQUILLO,4.630493814469321,-74.08009383758753,1
LOCALIDAD ANTONIO NARIÑO,4.597434328350478,-74.11019956479554,1
LOCALIDAD TEUSAQUILLO,4.654703063717932,-74.10370023316301,1
LOCALIDAD ENGATIVA,4.70468377563357,-74.12799750175566,1
LOCALIDAD BARRIOS UNIDOS,4.66613085387251,-74.07821751985061,1
LOCALIDAD BARRIOS UNIDOS,4.665318541934783,-74.0795798843225,1
LOCALIDAD ENGATIVA,4.712681563692187,-74.14369343193509,1
LOCALIDAD BOSA,4.615781032122426,-74.18737953783993,1
LOCALIDAD TEUSAQUILLO,4.6220644585507165,-74.07400175820244,1
LOCALIDAD SUBA,4.742477715486203,-74.10070289176173,1
LOCALIDAD BARRIOS UNIDOS,4.641627941467098,-74.07935823928648,1
LOCALIDAD PUENTE ARANDA,4.616006947332207,-74.12629482283255,1
LOCALIDAD SUBA,4.759027765160947,-74.06424584488312,1
LOCALIDAD SANTA FE,4.604356944253632,-74.06988705503795,1
LOCALIDAD USAQUEN,4.734547386763053,-74.04858180063248,1
LOCALIDAD TEUSAQUILLO,4.648711525871921,-74.07315571517081,1
LOCALIDAD KENNEDY,4.620939831689361,-74.16632379598005,1
LOCALIDAD ENGATIVA,4.708617862950409,-74.14192225661745,1
LOCALIDAD DISTRITO CAPITAL,4.608100680498413,-74.17132393381408,1
LOCALIDAD KENNEDY,4.620563634647295,-74.13917143490994,1
LOCALIDAD KENNEDY,4.619631719906308,-74.1390012771563,1
LOCALIDAD TUNJUELITO,4.568408990033164,-74.13411393361864,1
LOCALIDAD USAQUEN,4.700990181217906,-74.04303778992163,1
LOCALIDAD KENNEDY,4.628045404072945,-74.17027307491617,1
LOCALIDAD RAFAEL URIBE URIBE,4.558980801023658,-74.11715179948158,1
LOCALIDAD DISTRITO CAPITAL,4.629768105789264,-74.12846859438207,1
LOCALIDAD RAFAEL URIBE URIBE,4.569357083844705,-74.1252608747718,1
LOCALIDAD ANTONIO NARIÑO,4.584800882052669,-74.10561791420679,1
LOCALIDAD KENNEDY,4.622852926714973,-74.15480049136686,1
LOCALIDAD SAN CRISTOBAL,4.547002094644369,-74.10072514210594,1
LOCALIDAD CHAPINERO,4.6495139188311585,-74.06430189999035,1
LOCALIDAD TEUSAQUILLO,4.64967846120897,-74.06559984716058,1
LOCALIDAD ENGATIVA,4.667764617040123,-74.11056240664335,1
LOCALIDAD KENNEDY,4.646340345629004,-74.1740020685118,1
LOCALIDAD DISTRITO CAPITAL,4.648708714621194,-74.12762498783925,1
LOCALIDAD SUBA,4.724726942637099,-74.09121385682744,1
LOCALIDAD KENNEDY,4.6258464633895136,-74.1392822525339,1
LOCALIDAD KENNEDY,4.6507645091396235,-74.1369351698078,1
LOCALIDAD SANTA FE,4.624210807292828,-74.06904988836413,1
LOCALIDAD BARRIOS UNIDOS,4.66207500540362,-74.06195037120476,1
LOCALIDAD CIUDAD BOLIVAR,4.554087332352708,-74.13973779670802,1
LOCALIDAD BOSA,4.610939644657181,-74.18574434318502,1
LOCALIDAD SUBA,4.698022054917573,-74.08250330384713,1
LOCALIDAD ENGATIVA,4.688525250830559,-74.1184248997694,1
LOCALIDAD CIUDAD BOLIVAR,4.56748131700478,-74.14501318568601,1
LOCALIDAD KENNEDY,4.653954305318576,-74.15656657317163,1
LOCALIDAD TUNJUELITO,4.566215652629542,-74.13807377706185,1
LOCALIDAD BOSA,4.606857375892901,-74.1993793532787,1
LOCALIDAD ENGATIVA,4.701808073435138,-74.11430602466554,1
LOCALIDAD DISTRITO CAPITAL,4.765664705975028,-74.02985704582848,1
LOCALIDAD USAQUEN,4.740890101183072,-74.0433708089303,1
LOCALIDAD CHAPINERO,4.6845519926269485,-74.04775721560038,1
LOCALIDAD CIUDAD BOLIVAR,4.590241796722945,-74.16144662820231,1
LOCALIDAD SUBA,4.745046206923378,-74.12856017777177,1
LOCALIDAD SUBA,4.742092890210939,-74.09004613096009,1
LOCALIDAD CIUDAD BOLIVAR,4.591352727854944,-74.16771944643826,1
LOCALIDAD SANTA FE,4.622291888679788,-74.06808782113507,1
LOCALIDAD ANTONIO NARIÑO,4.586583437086593,-74.09887298120248,1
LOCALIDAD TUNJUELITO,4.579680811431176,-74.14233948892272,1
LOCALIDAD DISTRITO CAPITAL,4.612234765574707,-74.21117382145665,1
LOCALIDAD RAFAEL URIBE URIBE,4.569655448089299,-74.12514332890095,1
LOCALIDAD SUBA,4.725343093537151,-74.07153103586177,1
LOCALIDAD DISTRITO CAPITAL,4.61013417102199,-74.20941823878537,1
LOCALIDAD LOS MARTIRES,4.613755514368449,-74.08399170715107,1
LOCALIDAD CIUDAD BOLIVAR,4.555948913709874,-74.13820319927898,1
LOCALIDAD CHAPINERO,4.635465498431773,-74.06375247256543,1
LOCALIDAD DISTRITO CAPITAL,4.555887407054526,-74.11733585346647,1
LOCALIDAD KENNEDY,4.65077764369513,-74.17044487240224,1
LOCALIDAD KENNEDY,4.631749683327577,-74.1664553925264,1
LOCALIDAD KENNEDY,4.631056693956739,-74.1541957708341,1
LOCALIDAD ENGATIVA,4.696064581170415,-74.08662602457714,1
LOCALIDAD BARRIOS UNIDOS,4.679986821009427,-74.08372589280695,1
LOCALIDAD TEUSAQUILLO,4.65195719547433,-74.07876787139865,1
LOCALIDAD SAN MATEO,4.596684518294561,-74.17881026124348,1
LOCALIDAD SAN CRISTOBAL,4.563455124451361,-74.09276334862878,1
LOCALIDAD PUENTE ARANDA,4.629458847200417,-74.10536377905254,1
LOCALIDAD PUENTE ARANDA,4.6272581852113515,-74.10332918791616,1
LOCALIDAD BARRIOS UNIDOS,4.662075089666391,-74.06201347735312,1
LOCALIDAD USAQUEN,4.686669994340589,-74.05542651245176,1
LOCALIDAD SANTA FE,4.6043303380398894,-74.07029274069343,1
LOCALIDAD KENNEDY,4.622675908579807,-74.15807311320401,1
LOCALIDAD DISTRITO CAPITAL,4.750669403254172,-74.04422290467893,1
LOCALIDAD FONTIBON,4.66206259432799,-74.11513132703475,1
LOCALIDAD FONTIBON,4.660115771861246,-74.13531904449694,1
LOCALIDAD BOSA,4.610262847620344,-74.17930853816483,1
LOCALIDAD RAFAEL URIBE URIBE,4.5841635527433855,-74.10954894530917,1
LOCALIDAD ENGATIVA,4.672914123064438,-74.10545318375621,1
LOCALIDAD TUNJUELITO,4.595420958096003,-74.14282552137522,1
LOCALIDAD SUBA,4.696982897158234,-74.08332508909584,1
LOCALIDAD TEUSAQUILLO,4.634413298969485,-74.07527483243557,1
LOCALIDAD PUENTE ARANDA,4.609372560202315,-74.10858914521046,1
LOCALIDAD TUNJUELITO,4.56247309316304,-74.12507991697665,1
LOCALIDAD CIUDAD BOLIVAR,4.555369296370039,-74.13762699198784,1
LOCALIDAD CIUDAD BOLIVAR,4.53472927347305,-74.14719711267712,1
LOCALIDAD USAQUEN,4.68944398749125,-74.03997924688994,1
LOCALIDAD BOSA,4.60980699566802,-74.1919838881551,1
LOCALIDAD KENNEDY,4.6123978153319865,-74.13375440702194,1
LOCALIDAD SAN CRISTOBAL,4.559117949829342,-74.06818780843443,1
LOCALIDAD KENNEDY,4.637143017056256,-74.16055319281644,1
LOCALIDAD SUBA,4.744220766061708,-74.10555142741312,1
LOCALIDAD FONTIBON,4.674501653845775,-74.12336490782016,1
LOCALIDAD USAQUEN,4.705948662540246,-74.05079354125014,1
LOCALIDAD SUBA,4.797498840475058,-74.04509584443608,1
LOCALIDAD TUNJUELITO,4.576473543013771,-74.1306337560385,1
LOCALIDAD CHAPINERO,4.6662023813155,-74.0571578091267,1
LOCALIDAD KENNEDY,4.611400951995602,-74.13225015785011,1
LOCALIDAD TUNJUELITO,4.594909647843023,-74.14640490132119,1
LOCALIDAD USAQUEN,4.693013908230313,-74.05099135219179,1
LOCALIDAD DISTRITO CAPITAL,4.615532257134513,-74.21549735573156,1
LOCALIDAD TUNJUELITO,4.5952941145477295,-74.15020858213654,1
LOCALIDAD SANTA FE,4.612896276228776,-74.07014639121134,1
LOCALIDAD CIUDAD BOLIVAR,4.580477440558204,-74.15806860483619,1
LOCALIDAD FONTIBON,4.6912253863252324,-74.15128385720901,1
LOCALIDAD BOSA,4.610750013360103,-74.18603303350828,1
LOCALIDAD USAQUEN,4.698940803435519,-74.05254304425885,1
LOCALIDAD ENGATIVA,4.6845814311787395,-74.11134358058568,1
LOCALIDAD TEUSAQUILLO,4.634006594385838,-74.08947378876432,1
LOCALIDAD TEUSAQUILLO,4.624714198682294,-74.07353856625433,1
LOCALIDAD DISTRITO CAPITAL,4.677212396118276,-74.05167979620589,1
LOCALIDAD DISTRITO CAPITAL,4.757127918791047,-74.02491905000382,1
LOCALIDAD CIUDAD BOLIVAR,4.5463202597304395,-74.1500589469948,1
LOCALIDAD DISTRITO CAPITAL,4.613976058215782,-74.21521960145907,1
LOCALIDAD ENGATIVA,4.7351662761714035,-74.12691356018848,1
LOCALIDAD DISTRITO CAPITAL,4.61401197096071,-74.17509430089986,1
LOCALIDAD DISTRITO CAPITAL,4.605539622393366,-74.1703803526174,1
LOCALIDAD BARRIOS UNIDOS,4.651071422641685,-74.07240438001953,1
LOCALIDAD TUNJUELITO,4.593975303431426,-74.13670639655425,1
LOCALIDAD BOSA,4.595990307967897,-74.16523505554454,1
LOCALIDAD KENNEDY,4.615798029488512,-74.16309347176977,1
LOCALIDAD USME,4.51584610670834,-74.09121841925759,1
LOCALIDAD KENNEDY,4.643575053178437,-74.14590496344995,1
LOCALIDAD KENNEDY,4.643623768683556,-74.15631741749192,1
LOCALIDAD SAN LUIS,4.669147841530976,-74.0216700044911,1
LOCALIDAD KENNEDY,4.650088004954306,-74.14593318491963,1
LOCALIDAD KENNEDY,4.650486264765225,-74.17652152608385,1
LOCALIDAD SANTA FE,4.610880680555395,-74.07133893360503,1
LOCALIDAD FUSCA,4.770974501458908,-74.04285141531527,1
LOCALIDAD TUNJUELITO,4.5720066391549805,-74.13950913785348,1
LOCALIDAD ENGATIVA,4.678111948596873,-74.08878599602664,1
LOCALIDAD CHAPINERO,4.63579123216773,-74.06382416261553,1
LOCALIDAD CIUDAD BOLIVAR,4.547890627342685,-74.15469028308718,1
LOCALIDAD SUBA,4.752655205757715,-74.04772751191743,1
LOCALIDAD KENNEDY,4.615028672485952,-74.16269772060578,1
LOCALIDAD CHAPINERO,4.646817928080183,-74.06398091649639,1
LOCALIDAD BOSA,4.6265596777698645,-74.19181167380954,1
LOCALIDAD ENGATIVA,4.680355904066543,-74.08928796118343,1
LOCALIDAD BOSA,4.610100200390047,-74.17946197643505,1
LOCALIDAD CIUDAD BOLIVAR,4.560744491446303,-74.13932424762595,1
LOCALIDAD USAQUEN,4.693197829713857,-74.05320892974265,1
LOCALIDAD KENNEDY,4.645311509651247,-74.13083855182418,1
LOCALIDAD USAQUEN,4.694164910130051,-74.03285053325264,1
LOCALIDAD KENNEDY,4.618869426836366,-74.14444715214337,1
LOCALIDAD CHAPINERO,4.6394624508606706,-74.06287276450898,1
LOCALIDAD CHAPINERO,4.65798040211242,-74.05743922360739,1
LOCALIDAD KENNEDY,4.605494484087163,-74.13255480399202,1
LOCALIDAD SAN CRISTOBAL,4.575206803180888,-74.09389337335632,1
LOCALIDAD PUENTE ARANDA,4.634844617890991,-74.11542671429065,1
LOCALIDAD DISTRITO CAPITAL,4.760170290007119,-74.03354342370237,1
LOCALIDAD KENNEDY,4.643942486804255,-74.12830698034877,1
LOCALIDAD BOSA,4.635827702743548,-74.18053222468342,1
LOCALIDAD SAN CRISTOBAL,4.558911624255992,-74.09070485477443,1
LOCALIDAD BOSA,4.623725799953913,-74.19753941682696,1
LOCALIDAD BOSA,4.6027953976267995,-74.19103624022554,1
LOCALIDAD KENNEDY,4.639707796299069,-74.15701623300437,1
LOCALIDAD KENNEDY,4.636181478838712,-74.14324539378931,1
LOCALIDAD CIUDAD BOLIVAR,4.563414187710248,-74.16328970163259,1
LOCALIDAD ENGATIVA,4.69930716760343,-74.1109192482261,1
LOCALIDAD BOSA,4.631548742948125,-74.20403050884076,1
LOCALIDAD PUENTE ARANDA,4.628924696947851,-74.11941865459842,1
LOCALIDAD CHAPINERO,4.685498857772296,-74.05227267418877,1
LOCALIDAD PUENTE ARANDA,4.61506307283065,-74.10923110832876,1
LOCALIDAD KENNEDY,4.643673573027742,-74.17548366717776,1
LOCALIDAD ENGATIVA,4.676309416872548,-74.08689508630708,1
LOCALIDAD DISTRITO CAPITAL,4.542687813669768,-74.1381468546761,1
LOCALIDAD DISTRITO CAPITAL,4.614482047702537,-74.17483232768083,1
LOCALIDAD CIUDAD BOLIVAR,4.596351909591722,-74.1573558843585,1
LOCALIDAD KENNEDY,4.639301938920724,-74.1355698001591,1
LOCALIDAD BOSA,4.607066768054998,-74.1846399333948,1
LOCALIDAD KENNEDY,4.61681819721537,-74.15377994686838,1
LOCALIDAD KENNEDY,4.6419231857531,-74.13393487757997,1
LOCALIDAD KENNEDY,4.607323981053712,-74.14187375659047,1
LOCALIDAD USAQUEN,4.6923541129743365,-74.0447444803762,1
LOCALIDAD ANTONIO NARIÑO,4.595809789475063,-74.11314930985816,1
LOCALIDAD DISTRITO CAPITAL,4.760197454846098,-74.04002616253914,1
LOCALIDAD KENNEDY,4.628443213671034,-74.1398019827638,1
LOCALIDAD KENNEDY,4.618977736002241,-74.14424869598024,1
LOCALIDAD LOS MARTIRES,4.612251562090874,-74.0891680207128,1
LOCALIDAD USAQUEN,4.70548546376093,-74.04281527686743,1
LOCALIDAD KENNEDY,4.638551996123086,-74.15873949053156,1
LOCALIDAD CIUDAD BOLIVAR,4.535906536671693,-74.14067875903473,1
LOCALIDAD SAN CRISTOBAL,4.56588828843334,-74.08555807914736,1
LOCALIDAD BARRIOS UNIDOS,4.657382899759376,-74.07065619310816,1
LOCALIDAD ENGATIVA,4.695165889226669,-74.10510935529967,1
LOCALIDAD KENNEDY,4.6306916132387235,-74.12184148517024,1
LOCALIDAD DISTRITO CAPITAL,4.5760502776490695,-74.13218472018043,1
LOCALIDAD SAN CRISTOBAL,4.54040397261161,-74.09043963433635,1
LOCALIDAD BARRIOS UNIDOS,4.654245818587479,-74.07195848479164,1
LOCALIDAD TEUSAQUILLO,4.649814403581989,-74.07264041588002,1
LOCALIDAD KENNEDY,4.600822549297365,-74.1439008172922,1
LOCALIDAD CIUDAD BOLIVAR,4.550953200282731,-74.151342516847,1
LOCALIDAD SANTA FE,4.584215828772235,-74.07243713741457,1
LOCALIDAD ENGATIVA,4.714830844170005,-74.11911310936175,1
LOCALIDAD TEUSAQUILLO,4.644467217466335,-74.07857025351743,1
LOCALIDAD CIUDAD BOLIVAR,4.545934277193586,-74.1525923151197,1
LOCALIDAD BARRIOS UNIDOS,4.662138516449718,-74.06209452986053,1
LOCALIDAD PUENTE ARANDA,4.623442965084942,-74.11212342028408,1
LOCALIDAD TEUSAQUILLO,4.647463077329643,-74.07303113603562,1
LOCALIDAD USME,4.499531757214187,-74.10168501922864,1
LOCALIDAD FONTIBON,4.679792266653668,-74.15183858390543,1
LOCALIDAD SUBA,4.758436764598189,-74.07538194860413,1
LOCALIDAD CIUDAD BOLIVAR,4.547020725862188,-74.16113628147946,1
LOCALIDAD KENNEDY,4.6399995729619,-74.16658095154547,1
LOCALIDAD DISTRITO CAPITAL,4.649601988520803,-74.12581183765876,1
LOCALIDAD CIUDAD BOLIVAR,4.588252191839378,-74.1541742656982,1
LOCALIDAD DISTRITO CAPITAL,4.574657404085438,-74.09577802313062,1
LOCALIDAD LOS MARTIRES,4.610464944372239,-74.07856013480337,1
LOCALIDAD CHAPINERO,4.631587895790424,-74.05914200112885,1
LOCALIDAD CIUDAD BOLIVAR,4.534948944570191,-74.14173450251509,1
LOCALIDAD BARRIOS UNIDOS,4.67009616994045,-74.08078171303578,1
LOCALIDAD TUNJUELITO,4.589137301951604,-74.14542918653413,1
LOCALIDAD KENNEDY,4.649666616880772,-74.17180748027796,1
LOCALIDAD SAN CRISTOBAL,4.562066513058753,-74.08910541127823,1
LOCALIDAD PUENTE ARANDA,4.628182648620615,-74.1119372190455,1
LOCALIDAD KENNEDY,4.638723220416126,-74.1581983808577,1
LOCALIDAD DISTRITO CAPITAL,4.646595405403247,-74.13035917641012,1
LOCALIDAD TEUSAQUILLO,4.6512960097885605,-74.0781106295384,1
LOCALIDAD PUENTE ARANDA,4.6369741743159185,-74.11848916489835,1
LOCALIDAD PUENTE ARANDA,4.595602314141517,-74.15074909039255,1
LOCALIDAD USAQUEN,4.687618011967039,-74.0408562383864,1
LOCALIDAD DISTRITO CAPITAL,4.715786950898737,-74.02886276009217,1
LOCALIDAD SAN CRISTOBAL,4.55618068312415,-74.084236299876,1
LOCALIDAD PUENTE ARANDA,4.621713160605128,-74.12498970438843,1
LOCALIDAD RAFAEL URIBE URIBE,4.572034956018093,-74.12554608229854,1
LOCALIDAD LOS MARTIRES,4.611695054885776,-74.08549077082455,1
LOCALIDAD FONTIBON,4.682428738124462,-74.1331009149614,1
LOCALIDAD KENNEDY,4.623434684378508,-74.14960721430114,1
LOCALIDAD ANTONIO NARIÑO,4.583568847585322,-74.10415913035649,1
LOCALIDAD TEUSAQUILLO,4.655011557370074,-74.0973621666071,1
LOCALIDAD BOSA,4.628984656556938,-74.19242194795281,1
LOCALIDAD SUBA,4.7472667532951185,-74.11775571152783,1
LOCALIDAD SUBA,4.753635098065927,-74.09010313721858,1
LOCALIDAD LOS MARTIRES,4.6046073786781285,-74.09574032829883,1
LOCALIDAD CHAPINERO,4.642042942690296,-74.06477151110523,1
LOCALIDAD TUNJUELITO,4.569482690601875,-74.13185008477626,1
LOCALIDAD USAQUEN,4.70391137272355,-74.04268219184625,1
LOCALIDAD KENNEDY,4.637436866855323,-74.17192992565722,1
LOCALIDAD SUBA,4.741885712994166,-74.12574201725158,1
LOCALIDAD CHAPINERO,4.662745188820281,-74.04910286218598,1
LOCALIDAD KENNEDY,4.637659674029749,-74.16143606358038,1
LOCALIDAD TEUSAQUILLO,4.63090080548789,-74.0800482376441,1
LOCALIDAD BOSA,4.6227571503750795,-74.19688241153385,1
LOCALIDAD SUBA,4.738733614154713,-74.07388445020194,1
LOCALIDAD TUNJUELITO,4.557251011596774,-74.12285075990357,1
LOCALIDAD SUBA,4.757400523679052,-74.04516936226743,1
LOCALIDAD KENNEDY,4.61884578378016,-74.1398586331513,1
LOCALIDAD PUENTE ARANDA,4.625679188086696,-74.0922609907326,1
LOCALIDAD ANTONIO NARIÑO,4.582419115458043,-74.10341237683262,1
LOCALIDAD ENGATIVA,4.700609219893445,-74.1320326504583,1
LOCALIDAD DISTRITO CAPITAL,4.509467083828249,-74.15716852993646,1
LOCALIDAD KENNEDY,4.62844320271147,-74.13979296783344,1
LOCALIDAD ENGATIVA,4.714922935346076,-74.14210386207147,1
LOCALIDAD CIUDAD BOLIVAR,4.561069650670344,-74.13891822625776,1
LOCALIDAD BOSA,4.606739473603932,-74.18320695773382,1
LOCALIDAD KENNEDY,4.657865745947937,-74.13723303905668,1
LOCALIDAD DISTRITO CAPITAL,4.750660245344652,-74.04414177081999,1
LOCALIDAD ENGATIVA,4.701734247301573,-74.09209120876251,1
LOCALIDAD BOSA,4.629947989790502,-74.19635143350699,1
LOCALIDAD PUENTE ARANDA,4.603401949566836,-74.12274945520328,1
LOCALIDAD PUENTE ARANDA,4.625637468564412,-74.0950015420914,1
LOCALIDAD KENNEDY,4.629636009365357,-74.16903616344344,1
LOCALIDAD BARRIOS UNIDOS,4.650452044894048,-74.06915977081798,1
LOCALIDAD SANTA FE,4.607302436825476,-74.07424625173263,1
LOCALIDAD TEUSAQUILLO,4.627066582276561,-74.08089156423603,1
LOCALIDAD KENNEDY,4.639510629430592,-74.15855805336116,1
LOCALIDAD PUENTE ARANDA,4.601761011548008,-74.11977665876033,1
LOCALIDAD BARRIOS UNIDOS,4.688617663945994,-74.06429516264713,1
LOCALIDAD ENGATIVA,4.710645410949751,-74.12843186141748,1
LOCALIDAD CIUDAD BOLIVAR,4.569124372801029,-74.14986990163733,1
LOCALIDAD ENGATIVA,4.692230112567316,-74.10121832634735,1
LOCALIDAD KENNEDY,4.603256810930611,-74.14470021142581,1
LOCALIDAD TUNJUELITO,4.576709136050304,-74.1309669998072,1
LOCALIDAD KENNEDY,4.617321029344266,-74.1659043235946,1
LOCALIDAD BOSA,4.626133834577851,-74.19120814952942,1
LOCALIDAD TEUSAQUILLO,4.630371437098021,-74.08337539275144,1
LOCALIDAD BARRIOS UNIDOS,4.6867237768374785,-74.07535070375312,1
LOCALIDAD CHAPINERO,4.645900231759243,-74.060899005399,1
LOCALIDAD BARRIOS UNIDOS,4.670308075883402,-74.07683272356806,1
LOCALIDAD KENNEDY,4.638759360365709,-74.15816227759034,1
LOCALIDAD PUENTE ARANDA,4.631184381041084,-74.11080661234988,1
LOCALIDAD USAQUEN,4.693270338989935,-74.03351891225444,1
LOCALIDAD KENNEDY,4.638750411369378,-74.15824342424149,1
LOCALIDAD PUENTE ARANDA,4.638509849225473,-74.11681948243321,1
LOCALIDAD LOS MARTIRES,4.608924356883212,-74.0763715847997,1
LOCALIDAD USME,4.515791833078443,-74.09121848680027,1
LOCALIDAD SUBA,4.751972514660691,-74.07784302324484,1
LOCALIDAD KENNEDY,4.643240218259469,-74.15328877737447,1
LOCALIDAD SUBA,4.722854072587509,-74.09780702212997,1
LOCALIDAD PUENTE ARANDA,4.6072517821424315,-74.1271528976744,1
LOCALIDAD KENNEDY,4.646798165153037,-74.17873454733638,1
LOCALIDAD RAFAEL URIBE URIBE,4.5800465535381045,-74.12319264273489,1
LOCALIDAD CIUDAD BOLIVAR,4.5455402010600405,-74.1559459601453,1
LOCALIDAD ANTONIO NARIÑO,4.589549109262348,-74.11957529413121,1
LOCALIDAD SANTA FE,4.605247879887197,-74.0663972957784,1
LOCALIDAD CIUDAD BOLIVAR,4.5890289601472745,-74.15319077320098,1
LOCALIDAD KENNEDY,4.657531199491913,-74.13735064577621,1
LOCALIDAD PUENTE ARANDA,4.61483398034374,-74.11409933434643,1
LOCALIDAD SUBA,4.755769887021096,-74.10393160847288,1
LOCALIDAD KENNEDY,4.653602717108441,-74.1425842834875,1
LOCALIDAD KENNEDY,4.639039380364359,-74.15782838650118,1
LOCALIDAD KENNEDY,4.640693490454725,-74.15677165492932,1
LOCALIDAD PUENTE ARANDA,4.626994891435726,-74.10256325807983,1
LOCALIDAD SAN LUIS,4.673823499050465,-74.02108654906979,1
LOCALIDAD DISTRITO CAPITAL,4.61446390373086,-74.17478727439565,1
LOCALIDAD DISTRITO CAPITAL,4.611441807321263,-74.20581985543328,1
LOCALIDAD KENNEDY,4.621521722538865,-74.13854825416132,1
LOCALIDAD PUENTE ARANDA,4.602295986803353,-74.12081267678586,1
LOCALIDAD USAQUEN,4.685484324713566,-74.04823377256375,1
LOCALIDAD PUENTE ARANDA,4.600843742264356,-74.10956431680692,1
LOCALIDAD TUNJUELITO,4.589753566153898,-74.13886592564808,1
LOCALIDAD DISTRITO CAPITAL,4.543607178883019,-74.12044255228135,1
LOCALIDAD KENNEDY,4.643041428741164,-74.15346931759906,1
LOCALIDAD DISTRITO CAPITAL,4.553143100245555,-74.13683641210912,1
LOCALIDAD KENNEDY,4.63809887827694,-74.16566363726459,1
LOCALIDAD ENGATIVA,4.696423191428169,-74.12648410411909,1
LOCALIDAD KENNEDY,4.614353881649864,-74.1355549870164,1
LOCALIDAD KENNEDY,4.633075108242706,-74.147675507186,1
LOCALIDAD KENNEDY,4.647299978978261,-74.17466808084428,1
LOCALIDAD USAQUEN,4.68663365404241,-74.05530936004267,1
LOCALIDAD BOSA,4.606569000575429,-74.18442414594601,1
LOCALIDAD KENNEDY,4.656908163677225,-74.13826195025483,1
LOCALIDAD DISTRITO CAPITAL,4.645023547450571,-74.13205594753681,1
LOCALIDAD KENNEDY,4.630366193603445,-74.12202218499681,1
LOCALIDAD BARRIOS UNIDOS,4.664119265064092,-74.06872710060193,1
LOCALIDAD SUBA,4.753698631138064,-74.09026534962767,1
LOCALIDAD DISTRITO CAPITAL,4.648582209308009,-74.12773332547548,1
LOCALIDAD SUBA,4.753725862988327,-74.09033744536148,1
LOCALIDAD KENNEDY,4.618201300883194,-74.15303007567726,1
LOCALIDAD ENGATIVA,4.709939910787694,-74.14303861915667,1
LOCALIDAD KENNEDY,4.601129680557623,-74.14354888069887,1
LOCALIDAD CHAPINERO,4.667850195182174,-74.05158419531449,1
LOCALIDAD DISTRITO CAPITAL,4.7021642239771975,-74.0286202024479,1
LOCALIDAD BOSA,4.606849554977285,-74.18454101833031,1
LOCALIDAD KENNEDY,4.653177734114736,-74.14272002670626,1
LOCALIDAD DISTRITO CAPITAL,4.718227969960251,-74.02797581883567,1
LOCALIDAD DISTRITO CAPITAL,4.648175801646581,-74.12825670486166,1
LOCALIDAD KENNEDY,4.608112772403921,-74.16619452498337,1
LOCALIDAD ENGATIVA,4.689572413682437,-74.11673765664884,1
LOCALIDAD SAN CRISTOBAL,4.556589123157021,-74.08532646589897,1
LOCALIDAD TUNJUELITO,4.593452354495949,-74.13811328697606,1
LOCALIDAD LA DESPENSA,4.598864674905135,-74.19475472966452,1
LOCALIDAD SAN CRISTOBAL,4.55708223368957,-74.08898549409462,1
LOCALIDAD KENNEDY,4.604146490189303,-74.13240318839418,1
LOCALIDAD KENNEDY,4.643949296354594,-74.15621786373364,1
LOCALIDAD DISTRITO CAPITAL,4.644971170678767,-74.12626829934818,1
LOCALIDAD DISTRITO CAPITAL,4.748220262955226,-74.03280271587047,1
LOCALIDAD KENNEDY,4.614052666115641,-74.14077489619757,1
LOCALIDAD DISTRITO CAPITAL,4.7602658835034894,-74.03076624895141,1
LOCALIDAD BOSA,4.597695930870145,-74.17732168712642,1
LOCALIDAD CHAPINERO,4.64354419768021,-74.06454416036014,1
LOCALIDAD CIUDAD BOLIVAR,4.590250641138723,-74.16127534214769,1
LOCALIDAD DISTRITO CAPITAL,4.613609241161635,-74.1710471058507,1
LOCALIDAD CIUDAD BOLIVAR,4.590540084135739,-74.16125697516762,1
LOCALIDAD CHAPINERO,4.647708080478215,-74.05995905346548,1
LOCALIDAD SAN CRISTOBAL,4.556894420999467,-74.09785544071904,1
LOCALIDAD KENNEDY,4.635429133977959,-74.11990643226277,1
LOCALIDAD BARRIOS UNIDOS,4.651718029672584,-74.07573009797844,1
LOCALIDAD KENNEDY,4.64695210101135,-74.17886959818802,1
LOCALIDAD ENGATIVA,4.663973306700086,-74.09546653943073,1
LOCALIDAD BOSA,4.619218021766075,-74.20294445000539,1
LOCALIDAD ENGATIVA,4.665316152807281,-74.11285538651708,1
LOCALIDAD KENNEDY,4.6152630532849495,-74.16201231890803,1
LOCALIDAD SUBA,4.74750525461716,-74.12035213783315,1
LOCALIDAD SUBA,4.689342362230389,-74.07186725551536,1
LOCALIDAD RAFAEL URIBE,4.566831796274134,-74.10206162459932,1
LOCALIDAD BOSA,4.609999763158629,-74.19445373439696,1
LOCALIDAD SUBA,4.749897316921136,-74.10938511348536,1
LOCALIDAD CIUDAD BOLIVAR,4.55736964350779,-74.14624204583478,1
LOCALIDAD SUBA,4.693165320138187,-74.06263024150113,1
LOCALIDAD KENNEDY,4.6213293115048355,-74.15151186355429,1
LOCALIDAD TEUSAQUILLO,4.645374082318933,-74.073430524645,1
LOCALIDAD ENGATIVA,4.678887905076398,-74.08727941082556,1
LOCALIDAD SAN CRISTOBAL,4.571919900662654,-74.07710423410504,1
LOCALIDAD TEUSAQUILLO,4.663701730464486,-74.10945863576947,1
LOCALIDAD SUBA,4.732502756310626,-74.07501073714359,1
LOCALIDAD PUENTE ARANDA,4.60871507575841,-74.09651940825785,1
LOCALIDAD KENNEDY,4.620463661088762,-74.1387839173514,1
LOCALIDAD USME,4.52659102937723,-74.11944459593475,1
LOCALIDAD CIUDAD BOLIVAR,4.554919438395426,-74.14724549417298,1
LOCALIDAD BARRIOS UNIDOS,4.669206036786823,-74.08489385951103,1
LOCALIDAD CHAPINERO,4.631395498497663,-74.06411841901341,1
LOCALIDAD DISTRITO CAPITAL,4.610333320393417,-74.2095442268637,1
LOCALIDAD SUBA,4.754143937515398,-74.0581483599857,1
LOCALIDAD TEUSAQUILLO,4.649414799868874,-74.10639342827645,1
LOCALIDAD SUBA,4.742573742768088,-74.11200022449029,1
LOCALIDAD DISTRITO CAPITAL,4.548042638262276,-74.13794218683284,1
LOCALIDAD KENNEDY,4.629236091007124,-74.12251038340966,1
LOCALIDAD USAQUEN,4.726504566482757,-74.03448281108574,1
LOCALIDAD KENNEDY,4.624058641477176,-74.15700771922688,1
LOCALIDAD CIUDAD BOLIVAR,4.592173062514608,-74.15760418268867,1
LOCALIDAD USAQUEN,4.686295897111733,-74.05303791522239,1
LOCALIDAD DISTRITO CAPITAL,4.689024904315632,-74.06443886923769,1
LOCALIDAD SAN CRISTOBAL,4.533350883860841,-74.08524759783846,1
LOCALIDAD DISTRITO CAPITAL,4.689034070555112,-74.06452901235396,1
LOCALIDAD DISTRITO CAPITAL,4.762042541897826,-74.02702196335697,1
LOCALIDAD FONTIBON,4.644018502154964,-74.12395258949006,1
LOCALIDAD KENNEDY,4.6345861620042905,-74.16316156641436,1
LOCALIDAD ENGATIVA,4.662840222952673,-74.11489595566053,1
LOCALIDAD ANTONIO NARIÑO,4.588813694025846,-74.11009306261008,1
LOCALIDAD ANTONIO NARIÑO,4.593311442193765,-74.11174614518448,1
LOCALIDAD DISTRITO CAPITAL,4.6396250018857454,-74.06950752035858,1
LOCALIDAD PUENTE ARANDA,4.61115639105108,-74.11005631029421,1
LOCALIDAD DISTRITO CAPITAL,4.487138890737506,-74.10142078214045,1
LOCALIDAD PUENTE ARANDA,4.626945403420411,-74.09920980318073,1
LOCALIDAD RAFAEL URIBE URIBE,4.563728475727391,-74.1087809481539,1
LOCALIDAD CIUDAD BOLIVAR,4.582232687859106,-74.15838205582119,1
LOCALIDAD RAFAEL URIBE URIBE,4.563746410241152,-74.10865472924743,1
LOCALIDAD KENNEDY,4.608292957569305,-74.16557229731337,1
LOCALIDAD ENGATIVA,4.680435940527761,-74.0882330462981,1
LOCALIDAD USAQUEN,4.704363916991881,-74.04287991851315,1
LOCALIDAD KENNEDY,4.625585202537095,-74.14763939513452,1
LOCALIDAD USAQUEN,4.7037530312118125,-74.03936464533814,1
,4.856302927443125,-74.13198104686965,1
LOCALIDAD RAFAEL URIBE,4.579475099524476,-74.10008077657781,1
LOCALIDAD BOSA,4.595980881931627,-74.16491054117861,1
LOCALIDAD USAQUEN,4.703993066670789,-74.04288944061676,1
LOCALIDAD FONTIBON,4.650830820389663,-74.12470145386999,1
LOCALIDAD KENNEDY,4.637218631675594,-74.11866916193311,1
LOCALIDAD SUBA,4.7000379269054395,-74.08152697042007,1
LOCALIDAD CIUDAD BOLIVAR,4.567479192138952,-74.16625067587341,1
LOCALIDAD ENGATIVA,4.71168066181244,-74.09618055038938,1
LOCALIDAD CIUDAD BOLIVAR,4.547931842375714,-74.1436391259231,1
LOCALIDAD SAN CRISTOBAL,4.551315533367474,-74.09246308460524,1
LOCALIDAD BOSA,4.630672145749546,-74.18100694454667,1
LOCALIDAD SAN CRISTOBAL,4.5422362869132575,-74.08731858529134,1
LOCALIDAD SAN CRISTOBAL,4.546541655486224,-74.0870517702522,1
LOCALIDAD BARRIOS UNIDOS,4.665159781515881,-74.0757846669507,1
LOCALIDAD DISTRITO CAPITAL,4.629071747515628,-74.121284558229,1
LOCALIDAD RAFAEL URIBE URIBE,4.544489804823393,-74.10994036828576,1
LOCALIDAD ENGATIVA,4.687663025802355,-74.09494029347108,1
LOCALIDAD SAN CRISTOBAL,4.5513940292012895,-74.09015543828005,1
LOCALIDAD PUENTE ARANDA,4.614545700904958,-74.11504623608698,1
LOCALIDAD FONTIBON,4.65090315200141,-74.12467431898871,1
LOCALIDAD CIUDAD BOLIVAR,4.544136334575362,-74.13915468957536,1
LOCALIDAD SUBA,4.698031100454233,-74.08250329202151,1
LOCALIDAD CHAPINERO,4.684808210033598,-74.05660102089287,1
LOCALIDAD KENNEDY,4.616179977021078,-74.17253157564299,1
LOCALIDAD ENGATIVA,4.67254020097076,-74.08903661048724,1
LOCALIDAD TEUSAQUILLO,4.626021335444751,-74.09102552786071,1
LOCALIDAD CHAPINERO,4.633678244494243,-74.05977027478392,1
LOCALIDAD DISTRITO CAPITAL,4.699952816277021,-74.05841988030691,1
LOCALIDAD DISTRITO CAPITAL,4.764863009246576,-74.03222948978598,1
LOCALIDAD TEUSAQUILLO,4.624174599550757,-74.07593718585424,1
LOCALIDAD SUBA,4.712469860311693,-74.07043919334387,1
LOCALIDAD FONTIBON,4.687291938269637,-74.15996173748638,1
LOCALIDAD CIUDAD BOLIVAR,4.541561750448222,-74.13447955611637,1
LOCALIDAD SAN CRISTOBAL,4.569539153611321,-74.08277712171402,1
LOCALIDAD DISTRITO CAPITAL,4.466954642024447,-74.12857416201498,1
LOCALIDAD ENGATIVA,4.669825702937786,-74.10242792892565,1
LOCALIDAD ENGATIVA,4.695929370111168,-74.08698682751451,1
LOCALIDAD CHAPINERO,4.664280888630102,-74.04760427802964,1
LOCALIDAD ENGATIVA,4.705448601962261,-74.13199059525824,1
LOCALIDAD KENNEDY,4.649916748559036,-74.14643824412624,1
LOCALIDAD PUENTE ARANDA,4.6103042969126244,-74.13051165247913,1
LOCALIDAD BOSA,4.629591086456282,-74.19273678812878,1
LOCALIDAD BOSA,4.629581989198647,-74.19269172304772,1
LOCALIDAD CIUDAD BOLIVAR,4.588200194952878,-74.16378376356055,1
LOCALIDAD PUENTE ARANDA,4.627897591909862,-74.11545337540976,1
LOCALIDAD PUENTE ARANDA,4.614996723027502,-74.11403602957803,1
LOCALIDAD BARRIOS UNIDOS,4.657450871555573,-74.06733853274214,1
LOCALIDAD BARRIOS UNIDOS,4.658998118789297,-74.08837792652847,1
LOCALIDAD ENGATIVA,4.688516193824469,-74.11841589546496,1
LOCALIDAD BOSA,4.6076459787842285,-74.18488267268008,1
LOCALIDAD DISTRITO CAPITAL,4.652448850417986,-74.13843866464433,1
LOCALIDAD USAQUEN,4.6973556360469635,-74.03118727631829,1
LOCALIDAD KENNEDY,4.610726267332947,-74.16556945895196,1
LOCALIDAD SAN CRISTOBAL,4.570363096454347,-74.08339804555307,1
LOCALIDAD DISTRITO CAPITAL,4.760057852345274,-74.03077555643794,1
LOCALIDAD PUENTE ARANDA,4.626846406539638,-74.09960658067388,1
LOCALIDAD ENGATIVA,4.71906002838427,-74.10875736508399,1
LOCALIDAD BOSA,4.635297424587498,-74.18348979727327,1
LOCALIDAD BOSA,4.606522198256534,-74.18305395464317,1
LOCALIDAD USAQUEN,4.684133603952111,-74.04607189751002,1
LOCALIDAD DISTRITO CAPITAL,4.6517706825764105,-74.1239880923373,1
LOCALIDAD RAFAEL URIBE,4.583306829719809,-74.10440284245163,1
LOCALIDAD BARRIOS UNIDOS,4.660826997059953,-74.07580836051544,1
LOCALIDAD USAQUEN,4.737899426037123,-74.0263435379747,1
LOCALIDAD BOSA,4.635724117772213,-74.1848235477998,1
LOCALIDAD SUBA,4.706759138481835,-74.08180666966568,1
LOCALIDAD TEUSAQUILLO,4.624165824513608,-74.07614453611416,1
LOCALIDAD SUBA,4.729525673608039,-74.08781754454102,1
LOCALIDAD SUBA,4.75990811987182,-74.09347609542856,1
LOCALIDAD BOSA,4.608492596046432,-74.18167244266812,1
LOCALIDAD BOSA,4.629275449293722,-74.19358456296364,1
LOCALIDAD TEUSAQUILLO,4.625463372544454,-74.07231158765484,1
LOCALIDAD DISTRITO CAPITAL,4.612024273777783,-74.20898343436686,1
LOCALIDAD DISTRITO CAPITAL,4.6136596672546375,-74.17550939010617,1
LOCALIDAD SUBA,4.743157316869551,-74.12271993178206,1
LOCALIDAD TUNJUELITO,4.564185657099288,-74.12748460919784,1
LOCALIDAD USAQUEN,4.73185560242953,-74.02527908720558,1
LOCALIDAD TEUSAQUILLO,4.64916179724049,-74.10661011011015,1
LOCALIDAD USAQUEN,4.697780318893128,-74.03086213007282,1
LOCALIDAD RAFAEL URIBE,4.581541181464529,-74.10300782867199,1
LOCALIDAD CHAPINERO,4.685618766061419,-74.0473230308378,1
LOCALIDAD BOSA,4.595998582466774,-74.16457698067005,1
LOCALIDAD ANTONIO NARIÑO,4.577558338539789,-74.09363801883886,1
LOCALIDAD DISTRITO CAPITAL,4.646857295874044,-74.13000726442525,1
LOCALIDAD KENNEDY,4.6337865938478595,-74.13764094004112,1
LOCALIDAD TEUSAQUILLO,4.637135331764429,-74.07475744442503,1
LOCALIDAD LOS MARTIRES,4.600610439116578,-74.09670090886581,1
LOCALIDAD SUBA,4.740574720848981,-74.08432279683059,1
LOCALIDAD FONTIBON,4.640282399257519,-74.1165017533966,1
LOCALIDAD SUBA,4.747202445959344,-74.09602629876889,1
LOCALIDAD RAFAEL URIBE URIBE,4.556170250059328,-74.11196317883412,1
LOCALIDAD ANTONIO NARIÑO,4.595004222641069,-74.112744654891,1
LOCALIDAD DISTRITO CAPITAL,4.650255198792881,-74.12736164490232,1
LOCALIDAD USAQUEN,4.743753697712008,-74.04062595006287,1
LOCALIDAD PUENTE ARANDA,4.614678838331137,-74.09155380974381,1
LOCALIDAD RAFAEL URIBE URIBE,4.54769224137542,-74.1101617852177,1
LOCALIDAD RAFAEL URIBE,4.5888845067113815,-74.10884899150346,1
LOCALIDAD KENNEDY,4.6358659942663625,-74.17457318339565,1
LOCALIDAD DISTRITO CAPITAL,4.699925214584787,-74.07837161941298,1
LOCALIDAD BOSA,4.630762071083414,-74.18054707270718,1
LOCALIDAD KENNEDY,4.616910321235726,-74.1401223937608,1
LOCALIDAD KENNEDY,4.622536360361885,-74.12502475401817,1
LOCALIDAD DISTRITO CAPITAL,4.649630042568322,-74.12655104785314,1
LOCALIDAD RAFAEL URIBE,4.582084495411546,-74.1034668793788,1
LOCALIDAD PUENTE ARANDA,4.604233054348663,-74.10014890969057,1
LOCALIDAD CIUDAD BOLIVAR,4.550962267289041,-74.15136053422358,1
LOCALIDAD BOSA,4.6271633264124175,-74.17404237286772,1
LOCALIDAD ENGATIVA,4.7026931763174895,-74.13480696095372,1
LOCALIDAD SAN CRISTOBAL,4.5772405922056665,-74.07857574215679,1
LOCALIDAD DISTRITO CAPITAL,4.580214908591568,-74.14267238337366,1
LOCALIDAD TUNJUELITO,4.557521963528472,-74.12250789897578,1
LOCALIDAD DISTRITO CAPITAL,4.612375364917934,-74.1756821531136,1
LOCALIDAD ENGATIVA,4.693007079738994,-74.08654886009792,1
LOCALIDAD SUBA,4.729707103847938,-74.07457265994299,1
LOCALIDAD ENGATIVA,4.695535294598623,-74.12534922221451,1
LOCALIDAD TEUSAQUILLO,4.655279694284946,-74.10190547957542,1
LOCALIDAD ENGATIVA,4.683659995822431,-74.09117694892024,1
LOCALIDAD TEUSAQUILLO,4.652469373945216,-74.1041538169054,1
LOCALIDAD BOSA,4.609954564691239,-74.19448082980209,1
LOCALIDAD SUBA,4.75354148348349,-74.08090651423144,1
LOCALIDAD BOSA,4.627071772427282,-74.1887369640099,1
LOCALIDAD SANTA FE,4.625330553957532,-74.0676060695488,1
LOCALIDAD SUBA,4.797381998385902,-74.03918093378986,1
LOCALIDAD SAN CRISTOBAL,4.566160609399518,-74.08630589882736,1
LOCALIDAD KENNEDY,4.649740581040229,-74.15789682957424,1
LOCALIDAD DISTRITO CAPITAL,4.760178231538997,-74.03921471439624,1
LOCALIDAD DISTRITO CAPITAL,4.71792759026507,-74.03310623528752,1
LOCALIDAD CIUDAD BOLIVAR,4.578746164181516,-74.17836200638976,1
LOCALIDAD CIUDAD BOLIVAR,4.581034543490038,-74.15490390399889,1
LOCALIDAD USAQUEN,4.688812397785652,-74.03457083447519,1
LOCALIDAD LA CANDELARIA,4.590837575349854,-74.07973018688054,1
LOCALIDAD PUENTE ARANDA,4.604892641857334,-74.09956213510006,1
LOCALIDAD KENNEDY,4.640647259536103,-74.15593330207403,1
LOCALIDAD TEUSAQUILLO,4.641937527536843,-74.07400295115983,1
LOCALIDAD BOSA,4.613700596021422,-74.2115328005909,1
LOCALIDAD BARRIOS UNIDOS,4.684186875418482,-74.07905940826812,1
LOCALIDAD SUBA,4.749920147799424,-74.07856705870834,1
LOCALIDAD PUENTE ARANDA,4.6271035644301985,-74.10266228443471,1
LOCALIDAD ENGATIVA,4.695478873214025,-74.08834877982828,1
LOCALIDAD SUBA,4.733125255214381,-74.06704868004371,1
LOCALIDAD PUENTE ARANDA,4.604963541159286,-74.1200702051548,1
LOCALIDAD SUBA,4.701300700501771,-74.06521589508051,1
LOCALIDAD DISTRITO CAPITAL,4.487118150833391,-74.106630377222,1
LOCALIDAD DISTRITO CAPITAL,4.486846019657506,-74.106008804197,1
LOCALIDAD TEUSAQUILLO,4.624166377089269,-74.07656822794674,1
LOCALIDAD LA CANDELARIA,4.599752051433114,-74.06934315375265,1
LOCALIDAD DISTRITO CAPITAL,4.6890086123305865,-74.07257090900771,1
LOCALIDAD ENGATIVA,4.696939571851749,-74.09169170667943,1
LOCALIDAD SUBA,4.74212510592241,-74.10780820445063,1
LOCALIDAD BOSA,4.631639231817834,-74.20405745305784,1
LOCALIDAD KENNEDY,4.642337127107132,-74.1545249299598,1
LOCALIDAD DISTRITO CAPITAL,4.61351548951743,-74.1759873428194,1
LOCALIDAD ANTONIO NARIÑO,4.590319716346616,-74.09921985637935,1
LOCALIDAD RAFAEL URIBE URIBE,4.571618744876149,-74.12545644495742,1
LOCALIDAD TUNJUELITO,4.568418057508788,-74.13413195109199,1
LOCALIDAD RAFAEL URIBE,4.582012073917319,-74.10342189824263,1
LOCALIDAD CHAPINERO,4.635967163917595,-74.06689799716231,1
LOCALIDAD FONTIBON,4.663375322220981,-74.10885502084584,1
LOCALIDAD KENNEDY,4.627162484529978,-74.15040509816455,1
LOCALIDAD BARRIOS UNIDOS,4.676387778739716,-74.08455999031275,1
LOCALIDAD CHAPINERO,4.674792242459064,-74.0413515144164,1
LOCALIDAD DISTRITO CAPITAL,4.6475025346225305,-74.12512025845749,1
LOCALIDAD USAQUEN,4.7017225144856125,-74.04278435273044,1
LOCALIDAD USME,4.495387012709005,-74.10754867666223,1
LOCALIDAD BARRIOS UNIDOS,4.675908835930837,-74.08492122869849,1
LOCALIDAD PUENTE ARANDA,4.6039511524960375,-74.12065739733546,1
LOCALIDAD CIUDAD BOLIVAR,4.5887611589671184,-74.16389128480972,1
LOCALIDAD RAFAEL URIBE URIBE,4.572784182899294,-74.12426515629073,1
LOCALIDAD RAFAEL URIBE URIBE,4.586209764092825,-74.11106983533763,1
LOCALIDAD USME,4.517000094125331,-74.11738307140774,1
LOCALIDAD RAFAEL URIBE,4.581667933241371,-74.10309781336399,1
LOCALIDAD PUENTE ARANDA,4.625455207871609,-74.09394704227843,1
LOCALIDAD RAFAEL URIBE,4.55788182887744,-74.12090296797382,1
LOCALIDAD DISTRITO CAPITAL,4.589074746356529,-74.10907411491166,1
LOCALIDAD SUBA,4.744086515416708,-74.12788515138507,1
LOCALIDAD TUNJUELITO,4.588504497396054,-74.13823641198528,1
LOCALIDAD TUNJUELITO,4.581128798657003,-74.13538770346477,1
LOCALIDAD KENNEDY,4.637594489412185,-74.1598675116829,1
LOCALIDAD SUBA,4.743040827100409,-74.11648977092396,1
LOCALIDAD SAN CRISTOBAL,4.5688373077865565,-74.08568054081508,1
LOCALIDAD BARRIOS UNIDOS,4.6700871125843815,-74.08077270949832,1
LOCALIDAD DISTRITO CAPITAL,4.750641979501515,-74.04401556814092,1
LOCALIDAD SUBA,4.75711319885978,-74.100494583409,1
LOCALIDAD KENNEDY,4.641000582048274,-74.15638363937222,1
LOCALIDAD DISTRITO CAPITAL,4.614156666586675,-74.21493994023372,1
LOCALIDAD ENGATIVA,4.709337974298046,-74.13905429299811,1
LOCALIDAD KENNEDY,4.640728649548314,-74.15591517511292,1
LOCALIDAD BOSA,4.620867274740325,-74.18955536892737,1
LOCALIDAD CIUDAD BOLIVAR,4.588197992176776,-74.15423743077585,1
LOCALIDAD KENNEDY,4.618899259319626,-74.13920048669408,1
LOCALIDAD CIUDAD BOLIVAR,4.56650332502214,-74.14413095450888,1
LOCALIDAD ENGATIVA,4.662876371377527,-74.11486886444825,1
LOCALIDAD LOS MARTIRES,4.6167437234787245,-74.08644887902828,1
LOCALIDAD CIUDAD BOLIVAR,4.562694312419079,-74.14349546415146,1
LOCALIDAD BOSA,4.62721609195492,-74.188376198141,1
LOCALIDAD TUNJUELITO,4.582102907716812,-74.1405427446773,1
LOCALIDAD DISTRITO CAPITAL,4.750624076150297,-74.04415083691134,1
LOCALIDAD BOSA,4.597355132621647,-74.17987322127301,1
LOCALIDAD DISTRITO CAPITAL,4.699347524826082,-74.07247611613148,1
LOCALIDAD KENNEDY,4.643186171151539,-74.15347816022178,1
LOCALIDAD TEUSAQUILLO,4.6331077547783215,-74.07991917751082,1
LOCALIDAD ANTONIO NARIÑO,4.584457137063343,-74.1056093273479,1
LOCALIDAD BOSA,4.612769082279206,-74.21172314118898,1
LOCALIDAD ANTONIO NARIÑO,4.590197750892583,-74.12477581937152,1
LOCALIDAD KENNEDY,4.624510273535934,-74.15645727436993,1
LOCALIDAD KENNEDY,4.6229700478771605,-74.15440369659413,1
LOCALIDAD KENNEDY,4.636622338933025,-74.11924686082952,1
LOCALIDAD SAN CRISTOBAL,4.556804115099263,-74.0907976428035,1
LOCALIDAD ENGATIVA,4.720985741497131,-74.1221618026589,1
LOCALIDAD USAQUEN,4.7287358107218695,-74.04538905676534,1
LOCALIDAD SAN CRISTOBAL,4.57323246505474,-74.09200288642906,1
LOCALIDAD CIUDAD BOLIVAR,4.55501682725123,-74.1378888183572,1
LOCALIDAD PUENTE ARANDA,4.595163467728974,-74.14685532639484,1
LOCALIDAD SUBA,4.742532611540964,-74.10815931835191,1
LOCALIDAD ENGATIVA,4.721265779481287,-74.12186391973323,1
LOCALIDAD USAQUEN,4.722883250615889,-74.03222483417487,1
LOCALIDAD KENNEDY,4.6159029030025,-74.15998323067227,1
LOCALIDAD CIUDAD BOLIVAR,4.567761734437032,-74.14501285358901,1
LOCALIDAD BOSA,4.619191441478245,-74.20344030303025,1
LOCALIDAD ENGATIVA,4.6961807296483995,-74.10646042080488,1
LOCALIDAD CHAPINERO,4.656345776568201,-74.0593886609654,1
LOCALIDAD CIUDAD BOLIVAR,4.579881773441004,-74.15156092840189,1
LOCALIDAD ENGATIVA,4.670931472556073,-74.09010249971922,1
LOCALIDAD SUBA,4.725688003227001,-74.0929166428062,1
LOCALIDAD DISTRITO CAPITAL,4.574454313881315,-74.13642333993943,1
LOCALIDAD CHAPINERO,4.648391557956621,-74.06376248005203,1
LOCALIDAD PUENTE ARANDA,4.628429728181804,-74.11420866074279,1
LOCALIDAD ENGATIVA,4.721084981016035,-74.12195430793511,1
LOCALIDAD DISTRITO CAPITAL,4.573516394714367,-74.13877718198565,1
LOCALIDAD KENNEDY,4.632650883166429,-74.14844229159029,1
LOCALIDAD BOSA,4.59626743643145,-74.16243119456331,1
LOCALIDAD SAN CRISTOBAL,4.548450080617777,-74.10127319095515,1
LOCALIDAD TUNJUELITO,4.578989951373922,-74.14707283631095,1
LOCALIDAD BOSA,4.607291008526745,-74.18298095894266,1
LOCALIDAD USME,4.50461610545002,-74.1022466221258,1
LOCALIDAD KENNEDY,4.652412689739215,-74.13845673909273,1
LOCALIDAD BOSA,4.597897278199797,-74.17934975165939,1
LOCALIDAD DISTRITO CAPITAL,4.648398983263505,-74.12586741142334,1
LOCALIDAD ENGATIVA,4.707707471286968,-74.12274647187557,1
LOCALIDAD LA DESPENSA,4.611758084367887,-74.21365344379065,1
LOCALIDAD CIUDAD BOLIVAR,4.541787470955942,-74.13412774712799,1
LOCALIDAD PUENTE ARANDA,4.620854167689483,-74.12527021700235,1
LOCALIDAD SAN CRISTOBAL,4.5506022771174885,-74.08637963268808,1
LOCALIDAD KENNEDY,4.640026986956647,-74.16681531336157,1
LOCALIDAD RAFAEL URIBE,4.5571497140873864,-74.12138159969018,1
LOCALIDAD RAFAEL URIBE,4.553250997310782,-74.12135928972057,1
LOCALIDAD KENNEDY,4.619415063628031,-74.16201646166043,1
LOCALIDAD RAFAEL URIBE,4.582953711487966,-74.1041328534441,1
LOCALIDAD USAQUEN,4.689246889144894,-74.0347956243313,1
LOCALIDAD RAFAEL URIBE,4.581450578212152,-74.10289075616458,1
LOCALIDAD KENNEDY,4.6191644482432785,-74.14156205176081,1
LOCALIDAD KENNEDY,4.6228616712495105,-74.15454806359199,1
LOCALIDAD SAN CRISTOBAL,4.558568922720855,-74.09870066556594,1
LOCALIDAD KENNEDY,4.622379390456559,-74.14463225650537,1
LOCALIDAD KENNEDY,4.639301949959867,-74.13557881521697,1
LOCALIDAD KENNEDY,4.616808968642315,-74.15362670571153,1
LOCALIDAD KENNEDY,4.645968707877137,-74.15052687374512,1
LOCALIDAD SAN CRISTOBAL,4.582054732980073,-74.08004791224471,1
LOCALIDAD KENNEDY,4.603119118308555,-74.14303266864354,1
LOCALIDAD CHAPINERO,4.649550088864966,-74.06429283723907,1
LOCALIDAD TEUSAQUILLO,4.656770674010365,-74.10069555044802,1
LOCALIDAD SAN CRISTOBAL,4.566337232596475,-74.09720365790052,1
LOCALIDAD SUBA,4.748377505679144,-74.09536657367978,1
LOCALIDAD USME,4.527315582671923,-74.12018283775389,1
LOCALIDAD PUENTE ARANDA,4.62387344646499,-74.12367088630106,1
LOCALIDAD BOSA,4.623017834030851,-74.18750652404549,1
LOCALIDAD SUBA,4.76015141303573,-74.06572302501036,1
LOCALIDAD ENGATIVA,4.6949847575855275,-74.10493828765219,1
LOCALIDAD BOSA,4.608863442630992,-74.18164497413869,1
LOCALIDAD LOS MARTIRES,4.602474266942874,-74.09704111087284,1
LOCALIDAD KENNEDY,4.641388340626132,-74.15537348267799,1
LOCALIDAD KENNEDY,4.645521558006622,-74.15480060906614,1
LOCALIDAD DISTRITO CAPITAL,4.576711686195302,-74.14056720805978,1
LOCALIDAD DISTRITO CAPITAL,4.65198489594195,-74.1289552087722,1
LOCALIDAD ENGATIVA,4.7025476950717655,-74.13420307673273,1
LOCALIDAD LOS MARTIRES,4.600756351142645,-74.09052580422669,1
LOCALIDAD BOSA,4.628668578817354,-74.20890188026826,1
LOCALIDAD TEUSAQUILLO,4.631651492100415,-74.0799751489435,1
LOCALIDAD TUNJUELITO,4.564276157773769,-74.1275205563339,1
LOCALIDAD PUENTE ARANDA,4.5952620831528055,-74.13859789789159,1
LOCALIDAD TUNJUELITO,4.580585177347476,-74.1421671389934,1
LOCALIDAD TUNJUELITO,4.580721036107639,-74.14231120667206,1
LOCALIDAD KENNEDY,4.638163544810912,-74.15917267556667,1
LOCALIDAD ENGATIVA,4.682458601861182,-74.10651392134824,1
LOCALIDAD BOSA,4.627641194112368,-74.1727075973744,1
LOCALIDAD ENGATIVA,4.709686528297209,-74.13564582564632,1
LOCALIDAD TUNJUELITO,4.580449664689557,-74.14231152999061,1
LOCALIDAD ENGATIVA,4.718111714842791,-74.10288013711099,1
LOCALIDAD DISTRITO CAPITAL,4.595314553757083,-74.17530514545956,1
LOCALIDAD CIUDAD BOLIVAR,4.580675905500764,-74.15760863914221,1
LOCALIDAD BOSA,4.611121343309399,-74.17856833820598,1
LOCALIDAD PUENTE ARANDA,4.602975413177597,-74.1216231550157,1
LOCALIDAD KENNEDY,4.648748400307666,-74.17560398508733,1
LOCALIDAD KENNEDY,4.61823910505156,-74.16969851535134,1
LOCALIDAD RAFAEL URIBE,4.557945898336722,-74.12151584307047,1
LOCALIDAD USME,4.526699796878597,-74.11962473690036,1
LOCALIDAD KENNEDY,4.633255783330885,-74.14747696030526,1
LOCALIDAD TUNJUELITO,4.567095121464299,-74.13976739126495,1
LOCALIDAD CIUDAD BOLIVAR,4.545009443479502,-74.1584614661926,1
LOCALIDAD CIUDAD BOLIVAR,4.554856171730888,-74.14729063887955,1
LOCALIDAD CIUDAD BOLIVAR,4.550772157841567,-74.15123456093684,1
LOCALIDAD SAN CRISTOBAL,4.576761549365733,-74.09302605697174,1
LOCALIDAD TUNJUELITO,4.5752029622600965,-74.13464663307704,1
LOCALIDAD ENGATIVA,4.702514364903463,-74.11488214556852,1
LOCALIDAD ENGATIVA,4.71489256457223,-74.13948924464674,1
LOCALIDAD CIUDAD BOLIVAR,4.593139006387836,-74.15595338893782,1
LOCALIDAD CIUDAD BOLIVAR,4.540538936463095,-74.13393994549027,1
LOCALIDAD CIUDAD BOLIVAR,4.561196268997096,-74.13890004725765,1
LOCALIDAD DISTRITO CAPITAL,4.648871179231921,-74.12733630245832,1
LOCALIDAD KENNEDY,4.648760218944906,-74.14753047748384,1
LOCALIDAD KENNEDY,4.650079341803747,-74.14624872850412,1
LOCALIDAD BOSA,4.620447811229568,-74.18662598569011,1
LOCALIDAD USAQUEN,4.727451315193939,-74.03231767360302,1
LOCALIDAD LOS MARTIRES,4.604290691194663,-74.09566861192016,1
LOCALIDAD RAFAEL URIBE,4.575217604865364,-74.09528154115549,1
LOCALIDAD ENGATIVA,4.6836995346103265,-74.1149509274834,1
LOCALIDAD TUNJUELITO,4.589214982112941,-74.14231910590003,1
LOCALIDAD DISTRITO CAPITAL,4.762229017869572,-74.03740858689453,1
LOCALIDAD SUBA,4.74427886353548,-74.11554147808461,1
LOCALIDAD LA CANDELARIA,4.589075074862317,-74.07381005348563,1
LOCALIDAD DISTRITO CAPITAL,4.6203029050072,-74.12569458863356,1
LOCALIDAD KENNEDY,4.638344255594141,-74.15900117466454,1
LOCALIDAD KENNEDY,4.631287098150435,-74.14271038736564,1
LOCALIDAD KENNEDY,4.614906570259675,-74.17429094628818,1
LOCALIDAD CIUDAD BOLIVAR,4.566891074490914,-74.14311189273563,1
LOCALIDAD KENNEDY,4.615963214801993,-74.17282030230592,1
LOCALIDAD ENGATIVA,4.70987505440887,-74.10589299626025,1
LOCALIDAD ENGATIVA,4.690256191418119,-74.0926920662283,1
LOCALIDAD BOSA,4.596769797769221,-74.17432989324662,1
LOCALIDAD ENGATIVA,4.705612610593999,-74.11853867777691,1
LOCALIDAD ENGATIVA,4.711483282749108,-74.14025078279573,1
LOCALIDAD BOSA,4.599744330667427,-74.15757726379992,1
LOCALIDAD SUBA,4.752676916720926,-74.05035122932905,1
LOCALIDAD KENNEDY,4.648981813448349,-74.1363693821435,1
LOCALIDAD SUBA,4.7538714364749985,-74.09097742127607,1
LOCALIDAD ENGATIVA,4.671902314951596,-74.10647320831805,1
LOCALIDAD USME,4.504293286450468,-74.10453639770981,1
LOCALIDAD RAFAEL URIBE URIBE,4.580686881557303,-74.12163238879175,1
LOCALIDAD KENNEDY,4.637121236179501,-74.14242389108648,1
LOCALIDAD ENGATIVA,4.695499055498443,-74.12530418853228,1
LOCALIDAD BOSA,4.614454729531313,-74.19835216442415,1
LOCALIDAD RAFAEL URIBE,4.557874150045957,-74.1220207149959,1
LOCALIDAD TEUSAQUILLO,4.622650271867561,-74.07236032091558,1
LOCALIDAD USME,4.5056368137210425,-74.10107363889296,1
LOCALIDAD SUBA,4.757916006314767,-74.07827692482257,1
LOCALIDAD KENNEDY,4.634920345357556,-74.17040028898207,1
LOCALIDAD RAFAEL URIBE URIBE,4.582462353740393,-74.11633881906694,1
LOCALIDAD KENNEDY,4.609449173629967,-74.1718993176695,1
LOCALIDAD ENGATIVA,4.675787580411263,-74.10306945799698,1
LOCALIDAD CIUDAD BOLIVAR,4.561915627189104,-74.14286539881782,1
LOCALIDAD SUBA,4.718790026875142,-74.07522726809447,1
LOCALIDAD RAFAEL URIBE URIBE,4.5708398369615555,-74.12465512688222,1
LOCALIDAD DISTRITO CAPITAL,4.612098927391379,-74.21103874786972,1
LOCALIDAD USME,4.5335484416179455,-74.10576241233835,1
LOCALIDAD CHAPINERO,4.675415265552932,-74.04716553900754,1
LOCALIDAD PUENTE ARANDA,4.60861897318271,-74.12820594578447,1
LOCALIDAD USME,4.497585293627967,-74.10769922662357,1
LOCALIDAD DISTRITO CAPITAL,4.547047102685059,-74.13751971622133,1
LOCALIDAD DISTRITO CAPITAL,4.642331590834036,-74.12040272982479,1
LOCALIDAD FUSCA,4.7688683889441,-74.0439092635344,1
LOCALIDAD ENGATIVA,4.704888333121174,-74.1324420843432,1
LOCALIDAD CIUDAD BOLIVAR,4.589463755708561,-74.16135739131295,1
LOCALIDAD USME,4.506591720458468,-74.11259151790973,1
LOCALIDAD ENGATIVA,4.699135433864418,-74.10395929291955,1
LOCALIDAD DISTRITO CAPITAL,4.646803077507687,-74.13005240666814,1
LOCALIDAD KENNEDY,4.657432349288078,-74.13788266931743,1
LOCALIDAD FONTIBON,4.697281613716988,-74.14030426725633,1
LOCALIDAD SUBA,4.741920033958469,-74.12427230694236,1
LOCALIDAD KENNEDY,4.631767285853551,-74.16604067976198,1
LOCALIDAD TUNJUELITO,4.592384347612433,-74.14511883032138,1
LOCALIDAD SAN CRISTOBAL,4.553105909615394,-74.0848080624914,1
LOCALIDAD KENNEDY,4.608441875422751,-74.161443370051,1
LOCALIDAD CHAPINERO,4.64700891289191,-74.0647559540652,1
LOCALIDAD SUBA,4.760051270665549,-74.045481282962,1
LOCALIDAD BOSA,4.619614859071109,-74.17814388634474,1
LOCALIDAD PUENTE ARANDA,4.595538359977828,-74.15021730743156,1
LOCALIDAD FONTIBON,4.66903501968324,-74.1137342254042,1
LOCALIDAD ANTONIO NARIÑO,4.597116232636087,-74.10900103407108,1
LOCALIDAD BARRIOS UNIDOS,4.688526774217899,-74.06397072472748,1
LOCALIDAD CIUDAD BOLIVAR,4.5533233625651395,-74.14385810462579,1
LOCALIDAD FONTIBON,4.683243503849634,-74.15581935564788,1
LOCALIDAD TEUSAQUILLO,4.6611173268813655,-74.09735438063123,1
LOCALIDAD CHAPINERO,4.663304993787799,-74.0483538509494,1
LOCALIDAD ENGATIVA,4.700313069004337,-74.112360500357,1
LOCALIDAD LOS MARTIRES,4.615260145911884,-74.08636964453213,1
LOCALIDAD TUNJUELITO,4.569410532528829,-74.13202144105244,1
LOCALIDAD BOSA,4.596775630657665,-74.17937807890033,1
LOCALIDAD BOSA,4.597282392533355,-74.17954877733315,1
LOCALIDAD SAN CRISTOBAL,4.555595500573846,-74.09356643267033,1
LOCALIDAD TUNJUELITO,4.557296239961661,-74.12285070507622,1
LOCALIDAD SAN CRISTOBAL,4.556816065526462,-74.0859571529531,1
LOCALIDAD USME,4.504152687958677,-74.11529847393996,1
LOCALIDAD CIUDAD BOLIVAR,4.553744780738361,-74.14072974440421,1
LOCALIDAD SAN CRISTOBAL,4.5693708818551455,-74.08558972413161,1
LOCALIDAD DISTRITO CAPITAL,4.470099649316272,-74.12613695349715,1
LOCALIDAD PUENTE ARANDA,4.629036795869319,-74.12227624126756,1
LOCALIDAD KENNEDY,4.639338099573582,-74.13555172603505,1
LOCALIDAD BOSA,4.634596921195348,-74.18005584143101,1
LOCALIDAD RAFAEL URIBE,4.556525033771207,-74.12094968633036,1
LOCALIDAD CIUDAD BOLIVAR,4.544800498779868,-74.14236284887346,1
LOCALIDAD DISTRITO CAPITAL,4.687634214102951,-74.05942809755467,1
LOCALIDAD FONTIBON,4.6588319064945445,-74.13582547117294,1
LOCALIDAD KENNEDY,4.6304308390095645,-74.16801653706307,1
LOCALIDAD KENNEDY,4.655237535034727,-74.14057189560309,1
LOCALIDAD USAQUEN,4.695900640437455,-74.03213591538865,1
LOCALIDAD TUNJUELITO,4.5950567088805,-74.1483518670828,1
LOCALIDAD KENNEDY,4.63279474590063,-74.15525747972885,1
LOCALIDAD SUBA,4.730156169399781,-74.09958277487507,1
LOCALIDAD CHAPINERO,4.649739038006412,-74.06353532558073,1
LOCALIDAD USME,4.5274242404072345,-74.12027284282955,1
LOCALIDAD ENGATIVA,4.670645963535078,-74.10725012326392,1
LOCALIDAD ENGATIVA,4.707976012515002,-74.09233556573437,1
LOCALIDAD SAN CRISTOBAL,4.569927414641808,-74.07519580394126,1
LOCALIDAD SUBA,4.750101258198178,-74.11321683717142,1
LOCALIDAD SUBA,4.768333730148284,-74.04320671567359,1
LOCALIDAD USME,4.5095272520075085,-74.11647273112438,1
LOCALIDAD CIUDAD BOLIVAR,4.561051559248814,-74.13891824780495,1
LOCALIDAD CHAPINERO,4.684425061608489,-74.04754101703922,1
LOCALIDAD USAQUEN,4.716250258536624,-74.04333248800923,1
LOCALIDAD USAQUEN,4.716168576420263,-74.04313425162867,1
LOCALIDAD BOSA,4.6281742961775105,-74.17996407280845,1
LOCALIDAD SUBA,4.743615629689955,-74.06526743105975,1
LOCALIDAD SAN CRISTOBAL,4.566268604948166,-74.08587308865926,1
LOCALIDAD SAN CRISTOBAL,4.566169206987876,-74.08595434075227,1
LOCALIDAD FONTIBON,4.660937729653138,-74.13434438267382,1
LOCALIDAD SAN CRISTOBAL,4.567635750970445,-74.0868629032515,1
LOCALIDAD SUBA,4.737526436727634,-74.08437188999746,1
LOCALIDAD TUNJUELITO,4.570908474242382,-74.12901791116522,1
LOCALIDAD CIUDAD BOLIVAR,4.547294739018182,-74.14797558323316,1
LOCALIDAD DISTRITO CAPITAL,4.548332770017309,-74.1385007058179,1
LOCALIDAD FONTIBON,4.67924044179379,-74.13700858450053,1
LOCALIDAD CIUDAD BOLIVAR,4.544475448759903,-74.15820969538258,1
LOCALIDAD FUSCA,4.781148372527654,-74.0412503746502,1
LOCALIDAD BOSA,4.607555427675061,-74.18480164277176,1
LOCALIDAD KENNEDY,4.62950082618564,-74.13179543215638,1
LOCALIDAD VEREDA AURORA ALTA,4.7619880508159715,-74.02049418935239,1
LOCALIDAD DISTRITO CAPITAL,4.488801595965243,-74.11483028188603,1
LOCALIDAD ENGATIVA,4.680672666950907,-74.11765939753163,1
LOCALIDAD RAFAEL URIBE URIBE,4.578580261976065,-74.10784314679954,1
LOCALIDAD ENGATIVA,4.682358110156408,-74.11284297071663,1
LOCALIDAD ANTONIO NARIÑO,4.5765293878412825,-74.09541510700076,1
LOCALIDAD CHAPINERO,4.680862120609018,-74.05492944304306,1
LOCALIDAD KENNEDY,4.649524721212669,-74.17422374305382,1
LOCALIDAD KENNEDY,4.639637721583128,-74.1364618843302,1
LOCALIDAD ENGATIVA,4.697856923336087,-74.10861305181989,1
LOCALIDAD KENNEDY,4.635002672109095,-74.16350364956867,1
LOCALIDAD SAN CRISTOBAL,4.546101559354483,-74.08953111535195,1
LOCALIDAD CIUDAD BOLIVAR,4.560065738884479,-74.1390546330428,1
LOCALIDAD ENGATIVA,4.707065813352061,-74.13768666293487,1
LOCALIDAD SAN CRISTOBAL,4.528186788792267,-74.08599319987304,1
LOCALIDAD KENNEDY,4.636119379652504,-74.13681774407823,1
LOCALIDAD CIUDAD BOLIVAR,4.578927142285571,-74.17841588636401,1
LOCALIDAD CIUDAD BOLIVAR,4.533935823465189,-74.14173569816371,1
LOCALIDAD CHAPINERO,4.684189155158365,-74.04700942620335,1
LOCALIDAD FONTIBON,4.696375099616465,-74.15350454744582,1
LOCALIDAD DISTRITO CAPITAL,4.650737561764441,-74.10805054861716,1
LOCALIDAD TEUSAQUILLO,4.635929013826642,-74.07918532272458,1
LOCALIDAD BOSA,4.627947980728613,-74.17204914526471,1
LOCALIDAD BOSA,4.624392205576209,-74.1791480606973,1
LOCALIDAD BARRIOS UNIDOS,4.651314867836505,-74.07869658551385,1
LOCALIDAD SAN CRISTOBAL,4.550179021336589,-74.08786744888542,1
LOCALIDAD ENGATIVA,4.717129579582068,-74.14169543057761,1
LOCALIDAD KENNEDY,4.632559513797697,-74.15522169878554,1
LOCALIDAD KENNEDY,4.646336546625487,-74.17849166957082,1
LOCALIDAD CIUDAD BOLIVAR,4.538871828945078,-74.13169749584881,1
LOCALIDAD KENNEDY,4.615380211451778,-74.16164257348034,1
LOCALIDAD BARRIOS UNIDOS,4.673968998218259,-74.04790674697455,1
LOCALIDAD BOSA,4.622893299564806,-74.18934572270466,1
LOCALIDAD KENNEDY,4.632179636169923,-74.15525820973659,1
LOCALIDAD PUENTE ARANDA,4.627394377317861,-74.11090149234032,1
LOCALIDAD DISTRITO CAPITAL,4.766067950287372,-74.02716958296666,1
LOCALIDAD BARRIOS UNIDOS,4.686642090021731,-74.05485857489307,1
LOCALIDAD DISTRITO CAPITAL,4.76007876465822,-74.02636652902841,1
LOCALIDAD KENNEDY,4.629592433009408,-74.13273287428973,1
LOCALIDAD KENNEDY,4.63622092964483,-74.16104109617555,1
LOCALIDAD USAQUEN,4.703911657781631,-74.0428895517829,1
LOCALIDAD KENNEDY,4.6034849893918555,-74.14639469166144,1
LOCALIDAD KENNEDY,4.608994762080123,-74.14716338708838,1
LOCALIDAD SAN CRISTOBAL,4.567590327866599,-74.08670972185364,1
LOCALIDAD PUENTE ARANDA,4.6018596548869635,-74.12642027454636,1
LOCALIDAD ENGATIVA,4.668713205750625,-74.10961459670814,1
LOCALIDAD SUBA,4.754878141927016,-74.09298677017077,1
LOCALIDAD KENNEDY,4.639094117114889,-74.15821597184448,1
LOCALIDAD CIUDAD BOLIVAR,4.562766527566587,-74.14336918079418,1
LOCALIDAD TUNJUELITO,4.533566307534085,-74.12031048790038,1
LOCALIDAD KENNEDY,4.638425108711406,-74.15853229307685,1
LOCALIDAD KENNEDY,4.638669429574885,-74.15860412479738,1
LOCALIDAD SUBA,4.752646715299257,-74.08827410152766,1
LOCALIDAD USAQUEN,4.705939592496615,-74.05077552211198,1
LOCALIDAD DISTRITO CAPITAL,4.584920128950469,-74.14387470742066,1
LOCALIDAD TUNJUELITO,4.562762609773462,-74.1251246369111,1
LOCALIDAD ENGATIVA,4.698225109826314,-74.09251047342862,1
LOCALIDAD CHAPINERO,4.68351783708206,-74.04557688427603,1
LOCALIDAD CIUDAD BOLIVAR,4.5637193049251055,-74.1458649684928,1
LOCALIDAD PUENTE ARANDA,4.6249830592548,-74.08552783887609,1
LOCALIDAD PUENTE ARANDA,4.624955759563721,-74.08540166714221,1
LOCALIDAD KENNEDY,4.649067085531962,-74.1469621496274,1
LOCALIDAD KENNEDY,4.64350300952348,-74.15367611618687,1
LOCALIDAD TEUSAQUILLO,4.651838080791099,-74.07760507951069,1
LOCALIDAD KENNEDY,4.630352685139962,-74.1479582311722,1
LOCALIDAD TEUSAQUILLO,4.644684322216162,-74.07857898672836,1
LOCALIDAD KENNEDY,4.610794175164201,-74.13166493851567,1
LOCALIDAD USAQUEN,4.7041054294876155,-74.03909369257198,1
LOCALIDAD SUBA,4.763088604549314,-74.04408856427742,1
LOCALIDAD ENGATIVA,4.684372820484942,-74.11090208018346,1
LOCALIDAD TEUSAQUILLO,4.624035842885345,-74.0805258673824,1
LOCALIDAD LA CANDELARIA,4.600746458257214,-74.06888212715093,1
LOCALIDAD USAQUEN,4.73172000729942,-74.04480794358469,1
LOCALIDAD SUBA,4.755655981682553,-74.06585531573607,1
LOCALIDAD PUENTE ARANDA,4.6019979032775264,-74.12115559603,1
LOCALIDAD LOS MARTIRES,4.609979885154811,-74.08820635342141,1
LOCALIDAD RAFAEL URIBE,4.565015664723697,-74.1256807837406,1
LOCALIDAD ENGATIVA,4.669688940953217,-74.10867576535047,1
LOCALIDAD CHAPINERO,4.686353110436291,-74.05521056654594,1
LOCALIDAD KENNEDY,4.628058562777198,-74.15086379289001,1
LOCALIDAD USAQUEN,4.714037150847861,-74.03245346463001,1
LOCALIDAD KENNEDY,4.6463727192443125,-74.17848261243701,1
LOCALIDAD USAQUEN,4.718297786057156,-74.03262788429821,1
LOCALIDAD PUENTE ARANDA,4.62457762213242,-74.10091659240877,1
LOCALIDAD ANTONIO NARIÑO,4.5920020679792115,-74.10630306108617,1
LOCALIDAD LOS MARTIRES,4.609256933170599,-74.0887481495675,1
LOCALIDAD CHAPINERO,4.659529011451835,-74.052073159442,1
LOCALIDAD DISTRITO CAPITAL,4.757942563849593,-74.025314621764,1
LOCALIDAD CIUDAD BOLIVAR,4.578818540924631,-74.17837093822334,1
LOCALIDAD SUBA,4.746777725582486,-74.04922325405298,1
LOCALIDAD USAQUEN,4.687297218530913,-74.0443907332023,1
LOCALIDAD ENGATIVA,4.675281950189627,-74.1037913372945,1
LOCALIDAD DISTRITO CAPITAL,4.651666012560123,-74.11263810094445,1
LOCALIDAD CHAPINERO,4.683363670742228,-74.04528860018266,1
LOCALIDAD KENNEDY,4.640090828571151,-74.1672569810626,1
LOCALIDAD CIUDAD BOLIVAR,4.595208001556393,-74.16151294454932,1
LOCALIDAD BOSA,4.608248172618534,-74.18151045609027,1
LOCALIDAD LA CANDELARIA,4.594222386241517,-74.07410990283485,1
LOCALIDAD DISTRITO CAPITAL,4.651105195545122,-74.1054987980143,1
LOCALIDAD BARRIOS UNIDOS,4.657768121844104,-74.06783394744178,1
LOCALIDAD ENGATIVA,4.6876557116595565,-74.11037502540638,1
LOCALIDAD DISTRITO CAPITAL,4.490358435570819,-74.11563959048836,1
LOCALIDAD DISTRITO CAPITAL,4.5945480474125855,-74.17737036973725,1
LOCALIDAD KENNEDY,4.61906568747007,-74.14217517895568,1
LOCALIDAD DISTRITO CAPITAL,4.68600748009415,-74.05380461784637,1
LOCALIDAD CIUDAD BOLIVAR,4.562236287765948,-74.13870049796812,1
LOCALIDAD CHAPINERO,4.6851965998101575,-74.04950533901096,1
LOCALIDAD CHAPINERO,4.685196440446503,-74.04938813846299,1
LOCALIDAD CHAPINERO,4.657240857738987,-74.0590719429797,1
LOCALIDAD PUENTE ARANDA,4.616011589118105,-74.11544106838402,1
LOCALIDAD SUBA,4.734997488750442,-74.06691093002087,1
LOCALIDAD SUBA,4.7107903825291375,-74.07267734991844,1
LOCALIDAD SANTA FE,4.618544018666704,-74.06579398205277,1
LOCALIDAD DISTRITO CAPITAL,4.6115498397048995,-74.21348238978582,1
LOCALIDAD LOS MARTIRES,4.6122706126687305,-74.08991620972002,1
LOCALIDAD ENGATIVA,4.714488442118503,-74.14186096179104,1
LOCALIDAD LOS MARTIRES,4.60903312603719,-74.07654272071652,1
LOCALIDAD ENGATIVA,4.673121884174986,-74.1052275346158,1
LOCALIDAD LOS MARTIRES,4.598899320699791,-74.1026706470722,1
LOCALIDAD DISTRITO CAPITAL,4.768822030773266,-74.02381158472899,1
LOCALIDAD SUBA,4.7657294030213,-74.04375130680491,1
LOCALIDAD FUSCA,4.774675747766773,-74.04404549248339,1
LOCALIDAD BOSA,4.606358691514115,-74.19036512119828,1
LOCALIDAD SANTA FE,4.585192430933545,-74.07219249360254,1
LOCALIDAD BOSA,4.631621150280416,-74.20406648840235,1
LOCALIDAD SUBA,4.700508662990471,-74.08180584143807,1
LOCALIDAD KENNEDY,4.6041141898325755,-74.1430675366814,1
LOCALIDAD DISTRITO CAPITAL,4.585430767114083,-74.06766704215961,1
LOCALIDAD USAQUEN,4.70033709195746,-74.02864977993782,1
LOCALIDAD BOSA,4.597282392533355,-74.17954877733315,1
LOCALIDAD SUBA,4.761660855659514,-74.04511840751127,1
LOCALIDAD KENNEDY,4.629270782814693,-74.12862245669719,1
LOCALIDAD KENNEDY,4.6448597816476385,-74.13128986149762,1
LOCALIDAD USAQUEN,4.70472978111598,-74.04582754652252,1
LOCALIDAD DISTRITO CAPITAL,4.745297327378813,-74.03836977072172,1
LOCALIDAD FUSCA,4.777304981461817,-74.04190491269793,1
LOCALIDAD KENNEDY,4.644706249557191,-74.1314883822388,1
LOCALIDAD TEUSAQUILLO,4.627265877033145,-74.08111667683518,1
LOCALIDAD SAN CRISTOBAL,4.54548985150182,-74.08507006400255,1
LOCALIDAD LOS MARTIRES,4.608988343443703,-74.07688533120607,1
LOCALIDAD KENNEDY,4.640941446248663,-74.15232689842993,1
LOCALIDAD LOS MARTIRES,4.608924895793601,-74.07678625309049,1
LOCALIDAD DISTRITO CAPITAL,4.475179710264829,-74.12310256476646,1
LOCALIDAD PUENTE ARANDA,4.626232520627658,-74.10056292717879,1
LOCALIDAD CHAPINERO,4.652959487824161,-74.06372038759798,1
LOCALIDAD USAQUEN,4.686018634359384,-74.03549424145726,1
LOCALIDAD BARRIOS UNIDOS,4.666248528689288,-74.0782804732643,1
LOCALIDAD SANTA FE,4.618430766158432,-74.06909348848694,1
LOCALIDAD BARRIOS UNIDOS,4.68872678938362,-74.06472776275453,1
LOCALIDAD PUENTE ARANDA,4.615513224461009,-74.1147565666541,1
LOCALIDAD DISTRITO CAPITAL,4.761378686960582,-74.03736468714318,1
LOCALIDAD DISTRITO CAPITAL,4.546196924571167,-74.13761988019078,1
LOCALIDAD BOSA,4.6104455331165335,-74.20472114841455,1
LOCALIDAD DISTRITO CAPITAL,4.651584177376829,-74.1051556177302,1
LOCALIDAD KENNEDY,4.62083149462966,-74.16650422072671,1
LOCALIDAD CHAPINERO,4.68463453085875,-74.04858652374796,1
LOCALIDAD USAQUEN,4.74009360622002,-74.03003706623747,1
LOCALIDAD ANTONIO NARIÑO,4.585027293532294,-74.10583397620593,1
LOCALIDAD PUENTE ARANDA,4.637000241807732,-74.11763270754925,1
LOCALIDAD CIUDAD BOLIVAR,4.574846700783138,-74.15444242005239,1
LOCALIDAD ANTONIO NARIÑO,4.593682863534353,-74.11218739309733,1
LOCALIDAD DISTRITO CAPITAL,4.714826161757281,-74.05364853671064,1
LOCALIDAD DISTRITO CAPITAL,4.761318491072943,-74.02672544071899,1
LOCALIDAD KENNEDY,4.639998425619197,-74.173297246768,1
LOCALIDAD USAQUEN,4.743214062925142,-74.04285368929492,1
LOCALIDAD BOSA,4.621731437349966,-74.17802425442022,1
LOCALIDAD PUENTE ARANDA,4.59717686772791,-74.12876975597248,1
LOCALIDAD SUBA,4.738595975469034,-74.10676684342862,1
LOCALIDAD SUBA,4.799724920107992,-74.04574196850744,1
LOCALIDAD KENNEDY,4.627035985096812,-74.15052244333805,1
LOCALIDAD TUNJUELITO,4.566482294755412,-74.12668859108825,1
LOCALIDAD TUNJUELITO,4.568986893035542,-74.12582020151879,1
LOCALIDAD KENNEDY,4.633106811510598,-74.1514707949456,1
LOCALIDAD TEUSAQUILLO,4.64659382653092,-74.0862122420454,1
LOCALIDAD BOSA,4.606355369559683,-74.18745335209216,1
LOCALIDAD BOSA,4.613496624134337,-74.19902034087711,1
LOCALIDAD FONTIBON,4.658326666322746,-74.13689891054518,1
LOCALIDAD RAFAEL URIBE URIBE,4.579343673909556,-74.12538397080586,1
LOCALIDAD CIUDAD BOLIVAR,4.5870475851220425,-74.16054890840248,1
LOCALIDAD CIUDAD BOLIVAR,4.583494322498298,-74.16976580969936,1
LOCALIDAD DISTRITO CAPITAL,4.655852058078382,-74.14009333937881,1
LOCALIDAD LOS MARTIRES,4.616571950566791,-74.08652121605454,1
LOCALIDAD USAQUEN,4.691181519665814,-74.04717124678662,1
LOCALIDAD FONTIBON,4.667812830394506,-74.14201711860673,1
LOCALIDAD SAN CRISTOBAL,4.588246395224798,-74.0835375387058,1
LOCALIDAD USAQUEN,4.736422122902409,-74.0437105474523,1
LOCALIDAD PUENTE ARANDA,4.627972232171779,-74.11005337372377,1
LOCALIDAD DISTRITO CAPITAL,4.764494463390402,-74.02746032063973,1
LOCALIDAD CHAPINERO,4.659421664463896,-74.05970010367038,1
LOCALIDAD USAQUEN,4.739840449230934,-74.03011856414199,1
LOCALIDAD ENGATIVA,4.6766557264918305,-74.10288804427155,1
LOCALIDAD DISTRITO CAPITAL,4.766099849830875,-74.0241490351019,1
LOCALIDAD BOSA,4.622505556329383,-74.1904189462995,1
LOCALIDAD ENGATIVA,4.672344365251494,-74.10554406024552,1
LOCALIDAD FONTIBON,4.658851061222512,-74.13669091864703,1
LOCALIDAD ENGATIVA,4.70365432030715,-74.12939624352342,1
LOCALIDAD ENGATIVA,4.6628132337471895,-74.11501318861784,1
LOCALIDAD ENGATIVA,4.679439754386095,-74.08733278881436,1
LOCALIDAD BOSA,4.610108684409273,-74.20280135851658,1
LOCALIDAD SAN CRISTOBAL,4.585072717590677,-74.07753809175966,1
LOCALIDAD CHAPINERO,4.679952780094846,-74.05138761637944,1
LOCALIDAD SUBA,4.737213896984401,-74.07383237573362,1
LOCALIDAD TEUSAQUILLO,4.624205689655021,-74.0720427823779,1
LOCALIDAD DISTRITO CAPITAL,4.715090480950281,-74.02888175899648,1
LOCALIDAD CHAPINERO,4.634127060249406,-74.05717341481504,1
LOCALIDAD DISTRITO CAPITAL,4.688970341524091,-74.06422256911407,1
LOCALIDAD LA CANDELARIA,4.593588936390381,-74.08089852739027,1
LOCALIDAD CHAPINERO,4.645765893668708,-74.06190885989783,1
LOCALIDAD USAQUEN,4.692296501992364,-74.0357380638094,1
LOCALIDAD CIUDAD BOLIVAR,4.553433179419076,-74.13734986411855,1
LOCALIDAD DISTRITO CAPITAL,4.7404482608330465,-74.03137997152474,1
LOCALIDAD DISTRITO CAPITAL,4.73045161297635,-74.02389259303887,1
LOCALIDAD ENGATIVA,4.684418140252765,-74.11097414763772,1
LOCALIDAD USAQUEN,4.729317635656109,-74.0409523904677,1
LOCALIDAD RAFAEL URIBE URIBE,4.556197342446377,-74.11192708971286,1
LOCALIDAD LA CANDELARIA,4.589888717189218,-74.07345744705822,1
LOCALIDAD USAQUEN,4.685420392662352,-74.0477830869111,1
LOCALIDAD CHAPINERO,4.684398514625076,-74.0479737935414,1
LOCALIDAD USAQUEN,4.6860686240537515,-74.0521997830809,1
LOCALIDAD DISTRITO CAPITAL,4.595432148990532,-74.17530501030728,1
